id,lat,lng,route
3077,-36.848316192627,174.769912719727,22106-20170928152758_v59.3
3078,-36.8974990844727,174.656173706055,16202-20170928152758_v59.3
3080,-36.9092483520508,174.683746337891,24308-20170928152758_v59.3
3085,-36.7725639343262,174.764846801758,85804-20170928152758_v59.3
3086,-36.6779174804688,174.450332641602,12502-20170928152758_v59.3
3087,-36.8233413696289,174.61051940918,11006-20170928152758_v59.3
3091,-36.8792495727539,174.791320800781,63502-20170928152758_v59.3
3094,-36.8682174682617,174.724838256836,01804-20170928152758_v59.3
3098,-36.8977508544922,174.648727416992,01406-20170928152758_v59.3
3099,-36.8242835998535,174.615173339844,01406-20170928152758_v59.3
3700,-36.9252510070801,174.852279663086,75703-20170928152758_v59.3
3701,-36.8457489013672,174.767669677734,71901-20170928152758_v59.3
3702,-36.8451995849609,174.767776489258,75704-20170928152758_v59.3
3703,-36.8810501098633,174.810913085938,62501-20170928152758_v59.3
3704,-36.8446464538574,174.766632080078,79702-20170928152758_v59.3
3705,-36.8669281005859,174.845016479492,71901-20170928152758_v59.3
3709,-36.9289512634277,174.850677490234,75704-20170928152758_v59.3
3723,-36.846134185791,174.756546020508,88103-20170928152758_v59.3
3725,-36.6979713439941,174.753448486328,88202-20170928152758_v59.3
3728,-36.854549407959,174.718856811523,02001-20170928152758_v59.3
3730,-36.7876815795898,174.771118164062,89101-20170928152758_v59.3
3741,-36.7205276489258,174.735046386719,87901-20170928152758_v59.3
3743,-36.7297897338867,174.701461791992,98601-20170928152758_v59.3
3746,-36.8798828125,174.811462402344,60601-20170928152758_v59.3
3747,-36.6132469177246,174.802108764648,98203-20170928152758_v59.3
3748,-36.803768157959,174.760299682617,83902-20170928152758_v59.3
3753,-36.6152496337891,174.682632446289,98205-20170928152758_v59.3
3757,-36.7546157836914,174.759033203125,83901-20170928152758_v59.3
3758,-36.7295837402344,174.70133972168,89102-20170928152758_v59.3
3759,-36.689640045166,174.750762939453,83902-20170928152758_v59.3
3779,-36.8963661193848,174.732131958008,01001-20170928152758_v59.3
3781,-36.712532043457,174.742767333984,87502-20170928152758_v59.3
3805,-36.9085159301758,174.838760375977,53206-20170928152758_v59.3
3809,-36.8540649414062,174.758377075195,03002-20170928152758_v59.3
3811,-36.8534851074219,174.745590209961,02002-20170928152758_v59.3
5213,-36.8194999694824,174.749694824219,97302-20170928152758_v59.3
5216,-36.8426055908203,174.764389038086,95802-20170928152758_v59.3
5222,-36.7780342102051,174.72297668457,95701-20170928152758_v59.3
5228,-36.8228302001953,174.733596801758,95702-20170928152758_v59.3
5230,-36.7873687744141,174.770767211914,97603-20170928152758_v59.3
5237,-36.8111991882324,174.720520019531,97503-20170928152758_v59.3
5243,-36.8431396484375,174.766006469727,95801-20170928152758_v59.3
5245,-36.7697334289551,174.721984863281,95802-20170928152758_v59.3
5255,-36.8392028808594,174.739501953125,96604-20170928152758_v59.3
5258,-36.8439483642578,174.763870239258,97301-20170928152758_v59.3
5600,-37.051383972168,174.930038452148,03301-20170928152758_v59.3
5602,-36.9939575195312,174.880447387695,36601-20170928152758_v59.3
5603,-36.7530517578125,174.723617553711,88001-20170928152758_v59.3
5607,-37.0273475646973,174.887817382812,36201-20170928152758_v59.3
5609,-36.9737663269043,174.864532470703,03302-20170928152758_v59.3
5610,-36.7874298095703,174.770889282227,80302-20170928152758_v59.3
5611,-36.9471015930176,174.833648681641,03301-20170928152758_v59.3
5612,-36.741584777832,174.750595092773,88002-20170928152758_v59.3
5626,-36.8028182983398,174.744140625,91102-20170928152758_v59.3
5632,-36.6684341430664,174.679275512695,10004-20170928152758_v59.3
5653,-36.8286018371582,174.607788085938,12004-20170928152758_v59.3
5654,-36.9249839782715,174.701812744141,19508-20170928152758_v59.3
5659,-36.9463500976562,174.653564453125,17030-20170928152758_v59.3
5678,-36.824462890625,174.749816894531,10001-20170928152758_v59.3
5679,-36.8437538146973,174.765594482422,10001-20170928152758_v59.3
5680,-36.7791328430176,174.747451782227,10001-20170928152758_v59.3
5682,-36.7223663330078,174.713104248047,10001-20170928152758_v59.3
5703,-36.7879981994629,174.771270751953,90503-20170928152758_v59.3
5707,-36.7304153442383,174.702606201172,88705-20170928152758_v59.3
5708,-36.7598152160645,174.720855712891,90503-20170928152758_v59.3
5739,-36.8483123779297,174.762405395508,19507-20170928152758_v59.3
5758,-36.8023948669434,174.730484008789,92203-20170928152758_v59.3
5759,-36.7896499633789,174.769729614258,91103-20170928152758_v59.3
5760,-36.8049507141113,174.751007080078,92202-20170928152758_v59.3
5767,-36.8515472412109,174.764129638672,92203-20170928152758_v59.3
5768,-36.6895332336426,174.750564575195,88706-20170928152758_v59.3
5826,-36.7327651977539,174.701629638672,88002-20170928152758_v59.3
5870,-36.8449363708496,174.751693725586,10001-20170928152758_v59.3
5876,-36.852668762207,174.765640258789,92202-20170928152758_v59.3
5879,-36.7680816650391,174.737838745117,90504-20170928152758_v59.3
5888,-36.7294845581055,174.711090087891,88706-20170928152758_v59.3
5893,-36.7323799133301,174.702835083008,55504-20170928152758_v59.3
6208,-36.8537292480469,174.763336181641,30011-20170928152758_v59.3
6213,-36.8584175109863,174.763565063477,30009-20170928152758_v59.3
6215,-36.9611015319824,174.799468994141,30009-20170928152758_v59.3
6220,-36.9172325134277,174.756881713867,30012-20170928152758_v59.3
6226,-37.0049362182617,174.785125732422,30002-20170928152758_v59.3
6227,-37.0035018920898,174.790084838867,30011-20170928152758_v59.3
6228,-36.8761825561523,174.750930786133,30011-20170928152758_v59.3
6659,-36.9432983398438,174.842819213867,32602-20170928152758_v59.3
6662,-36.965934753418,174.816070556641,03102-20170928152758_v59.3
6663,-36.9663009643555,174.864624023438,03102-20170928152758_v59.3
6664,-36.9418182373047,174.906326293945,03102-20170928152758_v59.3
6665,-36.9373512268066,174.78955078125,31302-20170928152758_v59.3
6721,-36.9164848327637,174.839340209961,03201-20170928152758_v59.3
6725,-36.9487342834473,174.892272949219,03101-20170928152758_v59.3
6726,-36.9396018981934,174.84831237793,32411-20170928152758_v59.3
6730,-36.946834564209,174.834381103516,03201-20170928152758_v59.3
6731,-36.972282409668,174.851486206055,03101-20170928152758_v59.3
6732,-36.9689826965332,174.799667358398,03101-20170928152758_v59.3
6786,-36.9716491699219,174.793762207031,03202-20170928152758_v59.3
6787,-36.8519248962402,174.764007568359,30901-20170928152758_v59.3
6790,-36.977466583252,174.803634643555,03201-20170928152758_v59.3
6791,-36.9487991333008,174.834899902344,03202-20170928152758_v59.3
55FB,-37.0358657836914,174.894485473633,36302-20170928152758_v59.3
37BD,-36.8709487915039,174.777282714844,39002-20170928152758_v59.3
2CAC,-36.8518676757812,174.764144897461,26702-20170928152758_v59.3
5E38,-36.9295654296875,174.912322998047,57502-20170928152758_v59.3
5EC9,-36.896900177002,174.831604003906,50001-20170928152758_v59.3
36E3,-36.9156837463379,174.840087890625,71901-20170928152758_v59.3
522E,-36.7416000366211,174.692733764648,95702-20170928152758_v59.3
36F9,-36.8705825805664,174.874801635742,75703-20170928152758_v59.3
5A31,-36.834300994873,174.624877929688,11101-20170928152758_v59.3
5E97,-36.8994522094727,174.853546142578,50002-20170928152758_v59.3
2C5A,-36.7854995727539,174.75634765625,87501-20170928152758_v59.3
585B,-36.7878723144531,174.721450805664,94501-20170928152758_v59.3
37FC,-36.9487991333008,174.834899902344,32101-20170928152758_v59.3
576A,-36.7892150878906,174.770355224609,94502-20170928152758_v59.3
2CBC,-36.6895332336426,174.750564575195,85803-20170928152758_v59.3
36EF,-36.9063987731934,174.832870483398,50501-20170928152758_v59.3
5E98,-36.8780670166016,174.854537963867,63201-20170928152758_v59.3
36FD,-36.8804016113281,174.811874389648,62502-20170928152758_v59.3
AMP        428,-36.9071502685547,174.643753051758,10234-20170928152758_v59.3
5C48,-36.8576164245605,174.758087158203,13403-20170928152758_v59.3
55F8,-36.9977684020996,174.885482788086,03301-20170928152758_v59.3
30B9,-36.7856864929199,174.75651550293,87902-20170928152758_v59.3
3A9A,-36.844482421875,174.768264770508,27402-20170928152758_v59.3
37BE,-36.8946838378906,174.774185180664,30202-20170928152758_v59.3
563B,-36.8434677124023,174.765609741211,10002-20170928152758_v59.3
56F0,-37.0368156433105,174.892929077148,36102-20170928152758_v59.3
5B52,-36.8781814575195,174.630813598633,14205-20170928152758_v59.3
560B,-37.062084197998,174.941802978516,36501-20170928152758_v59.3
36C7,-36.8543815612793,174.779800415039,72101-20170928152758_v59.3
5E45,-36.880199432373,174.897369384766,56502-20170928152758_v59.3
37E2,-36.8493499755859,174.758926391602,72101-20170928152758_v59.3
57E1,-36.786750793457,174.721633911133,91103-20170928152758_v59.3
56B9,-36.9794158935547,174.874588012695,36102-20170928152758_v59.3
621E,-36.8799476623535,174.761535644531,30002-20170928152758_v59.3
567E,-36.7585678100586,174.735305786133,10002-20170928152758_v59.3
5A4B,-36.8886985778809,174.631561279297,15406-20170928152758_v59.3
3AA5,-36.9054336547852,174.759185791016,27402-20170928152758_v59.3
5A2F,-36.9201507568359,174.813323974609,00803-20170928152758_v59.3
55F6,-37.0321960449219,174.869430541992,36202-20170928152758_v59.3
36B3,-36.8578491210938,174.759567260742,79702-20170928152758_v59.3
5FB5,-36.8604011535645,174.766906738281,50005-20170928152758_v59.3
57F7,-36.8683166503906,174.716766357422,19507-20170928152758_v59.3
5EA0,-36.8670997619629,174.775390625,50001-20170928152758_v59.3
5C44,-36.8602333068848,174.751983642578,13202-20170928152758_v59.3
67E9,-36.9254341125488,174.785766601562,31301-20170928152758_v59.3
5C52,-36.8412818908691,174.651123046875,13202-20170928152758_v59.3
2F5C,-36.8817520141602,174.633987426758,01401-20170928152758_v59.3
AMP        509,-36.9959983825684,174.872253417969,50140-20170928152758_v59.3
37BB,-36.9006996154785,174.856323242188,59502-20170928152758_v59.3
5E9D,-36.9060821533203,174.88916015625,55002-20170928152758_v59.3
666E,-36.9545822143555,174.835998535156,32501-20170928152758_v59.3
621C,-36.9929313659668,174.786346435547,30002-20170928152758_v59.3
30AF,-36.853816986084,174.761901855469,87901-20170928152758_v59.3
36C4,-36.8481254577637,174.756072998047,73102-20170928152758_v59.3
5C33,-36.8481864929199,174.761611938477,13406-20170928152758_v59.3
309A,-36.9210815429688,174.701202392578,24913-20170928152758_v59.3
2CC2,-36.8651161193848,174.760543823242,25501-20170928152758_v59.3
36E6,-36.9121513366699,174.776336669922,01102-20170928152758_v59.3
57F0,-36.7652130126953,174.718780517578,12004-20170928152758_v59.3
5C50,-36.8823509216309,174.603942871094,14302-20170928152758_v59.3
37EE,-36.848072052002,174.752731323242,85803-20170928152758_v59.3
2CC4,-36.9106178283691,174.816787719727,32102-20170928152758_v59.3
56F1,-37.0191421508789,174.862121582031,36101-20170928152758_v59.3
665C,-36.9322814941406,174.912109375,03101-20170928152758_v59.3
5E4C,-36.878101348877,174.780624389648,50004-20170928152758_v59.3
36B7,-36.8443336486816,174.765335083008,79702-20170928152758_v59.3
37DB,-36.8462982177734,174.768463134766,62502-20170928152758_v59.3
36CB,-36.852165222168,174.778381347656,79902-20170928152758_v59.3
36B9,-36.852367401123,174.763885498047,79702-20170928152758_v59.3
5E6D,-36.9302597045898,174.911987304688,35301-20170928152758_v59.3
37EB,-36.6126098632812,174.679092407227,98301-20170928152758_v59.3
67F1,-36.9930686950684,174.877822875977,32502-20170928152758_v59.3
57EC,-36.9093170166016,174.683502197266,18603-20170928152758_v59.3
36CD,-36.8481979370117,174.762298583984,79801-20170928152758_v59.3
5C36,-36.9095344543457,174.669128417969,15406-20170928152758_v59.3
37B7,-36.864631652832,174.763519287109,31201-20170928152758_v59.3
5E4A,-36.9627265930176,174.839126586914,57501-20170928152758_v59.3
307D,-36.851261138916,174.761901855469,11005-20170928152758_v59.3
5EBD,-36.9289169311523,174.912399291992,50004-20170928152758_v59.3
521B,-36.8063278198242,174.70588684082,97301-20170928152758_v59.3
5E6F,-36.8901329040527,174.908706665039,55211-20170928152758_v59.3
56E7,-36.9558982849121,174.87141418457,36101-20170928152758_v59.3
521D,-36.8580513000488,174.756393432617,96605-20170928152758_v59.3
2F78,-36.868782043457,174.751037597656,24913-20170928152758_v59.3
36CA,-36.871509552002,174.777069091797,79801-20170928152758_v59.3
2CB0,-36.6408386230469,174.757354736328,98204-20170928152758_v59.3
2C41,-36.8925361633301,174.769973754883,29901-20170928152758_v59.3
36B5,-36.8533668518066,174.763519287109,79702-20170928152758_v59.3
2CAE,-36.8870811462402,174.747451782227,25501-20170928152758_v59.3
5A46,-36.8965492248535,174.615264892578,14101-20170928152758_v59.3
37E5,-36.8740653991699,174.849746704102,65501-20170928152758_v59.3
3A99,-36.8710823059082,174.761352539062,27702-20170928152758_v59.3
3A9E,-36.8583641052246,174.763671875,27402-20170928152758_v59.3
AMP        646,-37.0617218017578,174.944046020508,20439-20170928152758_v59.3
5E94,-36.8640670776367,174.771133422852,55002-20170928152758_v59.3
7D9B,-36.780345916748,174.992446899414,00204-20170928152758_v59.3
5E64,-36.8967018127441,174.890563964844,56501-20170928152758_v59.3
36F0,-36.8534317016602,174.763336181641,60601-20170928152758_v59.3
37C3,-36.8511161804199,174.764282226562,30201-20170928152758_v59.3
2C40,-36.8855018615723,174.770736694336,29902-20170928152758_v59.3
3AAF,-36.8528518676758,174.769424438477,88104-20170928152758_v59.3
2CB5,-36.8728141784668,174.777114868164,88103-20170928152758_v59.3
5FC0,-36.8661155700684,174.770767211914,55001-20170928152758_v59.3
36C0,-36.8596687316895,174.713912963867,72101-20170928152758_v59.3
567A,-36.7221832275391,174.712677001953,10002-20170928152758_v59.3
36C3,-36.8521156311035,174.720245361328,73102-20170928152758_v59.3
3A9B,-36.8442611694336,174.768371582031,27701-20170928152758_v59.3
AMP        362,-37.0284194946289,174.902694702148,20328-20170928152758_v59.3
57EF,-36.8224182128906,174.610885620117,12003-20170928152758_v59.3
5C3D,-36.8642730712891,174.733688354492,13302-20170928152758_v59.3
560C,-37.0646057128906,174.945724487305,03302-20170928152758_v59.3
2C91,-36.8945159912109,174.7353515625,24303-20170928152758_v59.3
567C,-36.8212013244629,174.749969482422,10004-20170928152758_v59.3
5E48,-36.9008026123047,174.949340820312,55001-20170928152758_v59.3
577A,-36.7733688354492,174.767623901367,80303-20170928152758_v59.3
65FA,-36.9424324035645,174.787368774414,38012-20170928152758_v59.3
36CC,-36.8446655273438,174.766586303711,79902-20170928152758_v59.3
5FB7,-36.9457511901855,174.911865234375,50002-20170928152758_v59.3
AMP        605,-36.9766616821289,174.8486328125,20439-20170928152758_v59.3
7DE6,-36.7800827026367,174.992004394531,00402-20170928152758_v59.3
7D98,-36.7884063720703,175.081192016602,00104-20170928152758_v59.3
2C49,-36.9034996032715,174.7421875,25502-20170928152758_v59.3
380C,-36.8483924865723,174.773345947266,32101-20170928152758_v59.3
36E1,-36.8458671569824,174.767669677734,75703-20170928152758_v59.3
3BCC,-36.8700828552246,174.711288452148,01803-20170928152758_v59.3
373E,-36.7946014404297,174.74462890625,91301-20170928152758_v59.3
2C4F,-36.8838005065918,174.732894897461,00708-20170928152758_v59.3
37E0,-36.861499786377,174.782287597656,73102-20170928152758_v59.3
57F4,-36.7574996948242,174.723739624023,12003-20170928152758_v59.3
378D,-36.8928680419922,174.786499023438,32101-20170928152758_v59.3
5A4C,-36.8959999084473,174.69694519043,00802-20170928152758_v59.3
372A,-36.8443336486816,174.765335083008,02002-20170928152758_v59.3
5A53,-36.8945007324219,174.694869995117,13804-20170928152758_v59.3
59DB,-36.8814811706543,174.631317138672,14205-20170928152758_v59.3
2CB9,-36.8708343505859,174.709854125977,00707-20170928152758_v59.3
2A43,-36.8736686706543,174.759689331055,25802-20170928152758_v59.3
55F3,-37.0146484375,174.874694824219,36502-20170928152758_v59.3
2F6F,-36.8731155395508,174.743515014648,24308-20170928152758_v59.3
59C3,-36.7144470214844,174.745544433594,88602-20170928152758_v59.3
5FB4,-36.8463325500488,174.771636962891,55001-20170928152758_v59.3
678B,-36.8710098266602,174.777679443359,30902-20170928152758_v59.3
55FE,-37.019401550293,174.910507202148,36602-20170928152758_v59.3
37F5,-36.8578681945801,174.760848999023,79801-20170928152758_v59.3
5E66,-36.9581832885742,174.870010375977,57502-20170928152758_v59.3
37F8,-36.8578491210938,174.759567260742,79902-20170928152758_v59.3
3BC7,-36.892017364502,174.695663452148,01803-20170928152758_v59.3
523C,-36.803882598877,174.703964233398,97401-20170928152758_v59.3
36D1,-36.8582153320312,174.762817382812,79902-20170928152758_v59.3
5C4F,-36.8679847717285,174.720428466797,13301-20170928152758_v59.3
560A,-37.0134887695312,174.875564575195,36501-20170928152758_v59.3
AMP        334,-37.0006790161133,174.861633300781,50150-20170928152758_v59.3
37D6,-36.6215515136719,174.671798706055,98501-20170928152758_v59.3
37C0,-36.85986328125,174.830337524414,71902-20170928152758_v59.3
30B2,-36.8499336242676,174.761337280273,24303-20170928152758_v59.3
57E9,-36.9058837890625,174.675872802734,16102-20170928152758_v59.3
2C4D,-36.8931503295898,174.779418945312,00707-20170928152758_v59.3
AMP        471,-36.9423408508301,174.832565307617,20328-20170928152758_v59.3
5C41,-36.9029312133789,174.689712524414,13803-20170928152758_v59.3
67F0,-36.9574699401855,174.866149902344,32502-20170928152758_v59.3
36EE,-36.8703155517578,174.879089355469,75704-20170928152758_v59.3
5A28,-36.8762321472168,174.646774291992,13105-20170928152758_v59.3
2CC6,-36.8086814880371,174.606323242188,12203-20170928152758_v59.3
2F64,-36.8875846862793,174.685012817383,22105-20170928152758_v59.3
5ADC,-36.9092483520508,174.683746337891,00905-20170928152758_v59.3
2A47,-36.913932800293,174.730880737305,25802-20170928152758_v59.3
2C4E,-36.8534812927246,174.767761230469,25801-20170928152758_v59.3
36E0,-36.8454360961914,174.767791748047,62501-20170928152758_v59.3
36EA,-36.8801155090332,174.794036865234,77002-20170928152758_v59.3
5E9E,-36.9581260681152,174.912063598633,50001-20170928152758_v59.3
7D96,-36.8192977905273,175.058380126953,00202-20170928152758_v59.3
56F6,-37.0665817260742,174.943801879883,37602-20170928152758_v59.3
30A2,-36.8825187683105,174.717422485352,22305-20170928152758_v59.3
37F7,-36.8480491638184,174.757034301758,79902-20170928152758_v59.3
37F2,-36.8458518981934,174.76628112793,79702-20170928152758_v59.3
2A49,-36.8505401611328,174.762634277344,29901-20170928152758_v59.3
55F2,-37.058650970459,174.94075012207,37102-20170928152758_v59.3
65FB,-36.9794998168945,174.854400634766,38012-20170928152758_v59.3
5A33,-36.879467010498,174.631942749023,13106-20170928152758_v59.3
57FC,-36.9196319580078,174.675567626953,19507-20170928152758_v59.3
5ECD,-36.8658676147461,174.90837097168,55211-20170928152758_v59.3
AMP        511,-36.8488502502441,174.776275634766,20326-20170928152758_v59.3
5E61,-36.8805847167969,174.913192749023,54501-20170928152758_v59.3
36D5,-36.8448219299316,174.76741027832,79801-20170928152758_v59.3
5E9C,-36.9047164916992,174.933044433594,58001-20170928152758_v59.3
57EA,-36.9090995788574,174.684234619141,10701-20170928152758_v59.3
30AD,-36.9006652832031,174.666412353516,16201-20170928152758_v59.3
5EED,-36.8640670776367,174.771133422852,50002-20170928152758_v59.3
2C94,-36.8518981933594,174.77033996582,24912-20170928152758_v59.3
590C,-37.0649909973145,174.946197509766,37202-20170928152758_v59.3
5A29,-36.916316986084,174.780487060547,00905-20170928152758_v59.3
3AA2,-36.8935508728027,174.758773803711,27701-20170928152758_v59.3
37D3,-36.8500328063965,174.776596069336,70304-20170928152758_v59.3
665B,-36.9812316894531,174.835693359375,31302-20170928152758_v59.3
AMP        687,-36.8902015686035,174.630996704102,10234-20170928152758_v59.3
2F60,-36.8982810974121,174.649765014648,01405-20170928152758_v59.3
2CB8,-36.848030090332,174.76171875,03001-20170928152758_v59.3
5A55,-36.8213157653809,174.626678466797,11201-20170928152758_v59.3
2F6C,-36.8232154846191,174.610794067383,01408-20170928152758_v59.3
5EC1,-36.9931526184082,174.878631591797,35302-20170928152758_v59.3
520B,-36.781566619873,174.721038818359,95502-20170928152758_v59.3
AMP        580,-36.8566207885742,174.825698852539,50151-20170928152758_v59.3
2F67,-36.8479766845703,174.757614135742,22305-20170928152758_v59.3
ADL        805,-37.0657119750977,174.946975708008,30117-20170928152758_v59.3
678D,-36.9687881469727,174.800170898438,30902-20170928152758_v59.3
2C5C,-36.8723678588867,174.752227783203,25502-20170928152758_v59.3
5EC3,-36.9271507263184,174.918701171875,57501-20170928152758_v59.3
55F7,-37.0649490356445,174.946304321289,37301-20170928152758_v59.3
2C92,-36.9091300964355,174.684066772461,22308-20170928152758_v59.3
37CF,-36.9103012084961,174.797821044922,31201-20170928152758_v59.3
AMP        552,-36.8462791442871,174.775085449219,10228-20170928152758_v59.3
5A30,-36.8573837280273,174.636627197266,14601-20170928152758_v59.3
3A9F,-36.8544120788574,174.767822265625,27401-20170928152758_v59.3
588F,-36.7602348327637,174.723388671875,88002-20170928152758_v59.3
57EE,-37.0611343383789,174.941116333008,03302-20170928152758_v59.3
588B,-36.7805366516113,174.721633911133,90504-20170928152758_v59.3
65F8,-36.9310684204102,174.782531738281,38011-20170928152758_v59.3
36C5,-36.8838768005371,174.733047485352,72101-20170928152758_v59.3
2C95,-36.8658485412598,174.761184692383,25501-20170928152758_v59.3
58B2,-36.7514839172363,174.727996826172,88601-20170928152758_v59.3
AMP        415,-36.8903388977051,174.798583984375,40067-20170928152758_v59.3
5E9B,-36.9163818359375,174.914398193359,54502-20170928152758_v59.3
525D,-36.8115653991699,174.745529174805,97401-20170928152758_v59.3
57EB,-36.9094161987305,174.683410644531,17205-20170928152758_v59.3
37BC,-36.8531494140625,174.803436279297,74502-20170928152758_v59.3
5E6A,-36.9260177612305,174.891738891602,56502-20170928152758_v59.3
5E75,-36.9788665771484,174.902633666992,58001-20170928152758_v59.3
36DF,-36.845817565918,174.821502685547,76901-20170928152758_v59.3
5E6C,-36.9094505310059,174.928207397461,58002-20170928152758_v59.3
57ED,-37.0617294311523,174.941604614258,36502-20170928152758_v59.3
582B,-36.7296905517578,174.701644897461,56001-20170928152758_v59.3
37ED,-36.8501014709473,174.857803344727,76701-20170928152758_v59.3
373F,-36.7590446472168,174.740951538086,84302-20170928152758_v59.3
373A,-36.8261985778809,174.796524047852,81301-20170928152758_v59.3
67EB,-36.9687461853027,174.79997253418,32502-20170928152758_v59.3
36C6,-36.8800811767578,174.725784301758,73102-20170928152758_v59.3
2A40,-36.8626823425293,174.761306762695,25502-20170928152758_v59.3
375D,-36.6216888427734,174.671493530273,98105-20170928152758_v59.3
2CBA,-36.8639373779297,174.734634399414,11006-20170928152758_v59.3
67EE,-36.9760513305664,174.894149780273,32501-20170928152758_v59.3
7D97,-36.7817840576172,175.046249389648,00201-20170928152758_v59.3
2CC1,-36.8467178344727,174.618865966797,01405-20170928152758_v59.3
67EF,-36.9739685058594,174.826705932617,31301-20170928152758_v59.3
5FBD,-36.9001502990723,174.855377197266,50005-20170928152758_v59.3
37DC,-36.5866012573242,174.686584472656,98401-20170928152758_v59.3
2A48,-36.8887825012207,174.746780395508,25801-20170928152758_v59.3
59C0,-36.696460723877,174.742645263672,88705-20170928152758_v59.3
2F77,-36.8713188171387,174.699081420898,11005-20170928152758_v59.3
665A,-36.9674530029297,174.858535766602,31402-20170928152758_v59.3
5E4F,-36.8981170654297,174.823287963867,55002-20170928152758_v59.3
5A52,-36.9095344543457,174.684127807617,15201-20170928152758_v59.3
AMP        456,-36.994499206543,174.876068115234,50151-20170928152758_v59.3
2A3C,-36.9117164611816,174.73942565918,26701-20170928152758_v59.3
2CC5,-36.8811683654785,174.775833129883,30201-20170928152758_v59.3
36D3,-36.8470802307129,174.743835449219,79902-20170928152758_v59.3
5A3D,-36.8952331542969,174.713119506836,00803-20170928152758_v59.3
2F7B,-36.8514251708984,174.758865356445,22105-20170928152758_v59.3
2C55,-36.8659782409668,174.770324707031,31202-20170928152758_v59.3
5E4E,-36.9113311767578,174.862747192383,55001-20170928152758_v59.3
2C8A,-36.902961730957,174.724487304688,24912-20170928152758_v59.3
AMP        294,-36.875171661377,174.735046386719,10228-20170928152758_v59.3
56BB,-36.9946327209473,174.877944946289,03302-20170928152758_v59.3
37FB,-36.8823509216309,174.80859375,00708-20170928152758_v59.3
AMP        319,-36.9027481079102,174.844039916992,50151-20170928152758_v59.3
2F7C,-36.8483657836914,174.763061523438,24308-20170928152758_v59.3
36F3,-36.8674507141113,174.729034423828,01002-20170928152758_v59.3
2F69,-36.8578758239746,174.764083862305,22308-20170928152758_v59.3
AMP        674,-36.877628326416,174.720947265625,10235-20170928152758_v59.3
65F7,-36.9892997741699,174.873321533203,38011-20170928152758_v59.3
37FA,-36.975658416748,174.856536865234,32102-20170928152758_v59.3
3A9C,-36.8793182373047,174.76123046875,27401-20170928152758_v59.3
37E1,-36.8812103271484,174.76203918457,72101-20170928152758_v59.3
37D8,-36.8527984619141,174.767166137695,72101-20170928152758_v59.3
307A,-36.8966178894043,174.701049804688,22106-20170928152758_v59.3
672E,-36.9157829284668,174.840270996094,03202-20170928152758_v59.3
2CC0,-36.8709297180176,174.768463134766,32102-20170928152758_v59.3
374A,-36.8998184204102,174.793823242188,39001-20170928152758_v59.3
307B,-36.8717269897461,174.746047973633,22105-20170928152758_v59.3
5C4D,-36.8207168579102,174.609527587891,11401-20170928152758_v59.3
36F5,-36.8672256469727,174.776031494141,50501-20170928152758_v59.3
5C40,-36.864631652832,174.646728515625,13403-20170928152758_v59.3
37F3,-36.8556976318359,174.7587890625,01804-20170928152758_v59.3
AMP        497,-36.8622093200684,174.781433105469,10235-20170928152758_v59.3
30B3,-36.8515663146973,174.765869140625,87502-20170928152758_v59.3
523D,-36.8110618591309,174.725921630859,97602-20170928152758_v59.3
AMP        253,-36.8720817565918,174.778778076172,20439-20170928152758_v59.3
AMP        144,-36.8989791870117,174.848373413086,50140-20170928152758_v59.3
37F4,-36.8676490783691,174.778121948242,79801-20170928152758_v59.3
5A4A,-36.8829498291016,174.632888793945,14301-20170928152758_v59.3
5C42,-36.9164505004883,174.778442382812,00802-20170928152758_v59.3
5A45,-36.7949333190918,174.656845092773,11402-20170928152758_v59.3
2F6E,-36.8478660583496,174.758148193359,22305-20170928152758_v59.3
5C49,-36.8553657531738,174.758666992188,13201-20170928152758_v59.3
65FC,-37.0031814575195,174.783828735352,38012-20170928152758_v59.3
5A57,-36.8070831298828,174.641311645508,11202-20170928152758_v59.3
36D0,-36.8707160949707,174.777206420898,79902-20170928152758_v59.3
56FB,-37.0216827392578,174.894836425781,03302-20170928152758_v59.3
3BC8,-36.8519668579102,174.76091003418,01803-20170928152758_v59.3
57FF,-36.7876052856445,174.771026611328,92202-20170928152758_v59.3
5E73,-36.9282341003418,174.90299987793,56501-20170928152758_v59.3
380A,-36.8453826904297,174.769729614258,50502-20170928152758_v59.3
67EC,-36.8879013061523,174.775314331055,30901-20170928152758_v59.3
7D9C,-36.7979164123535,175.041122436523,00103-20170928152758_v59.3
37C1,-36.852668762207,174.704284667969,03003-20170928152758_v59.3
560D,-36.9674339294434,174.858673095703,03301-20170928152758_v59.3
AMP        279,-36.8707313537598,174.778732299805,40056-20170928152758_v59.3
2CA7,-36.9220657348633,174.712066650391,25801-20170928152758_v59.3
666C,-36.9420280456543,174.767440795898,30902-20170928152758_v59.3
5C3C,-36.9157829284668,174.840270996094,00905-20170928152758_v59.3
2CAB,-36.9034996032715,174.7421875,26702-20170928152758_v59.3
308D,-36.8733673095703,174.627807617188,01408-20170928152758_v59.3
36E2,-36.8620185852051,174.782028198242,63501-20170928152758_v59.3
560E,-36.9870834350586,174.881469726562,03301-20170928152758_v59.3
5A3E,-36.938117980957,174.837936401367,00802-20170928152758_v59.3
2CA1,-36.9130935668945,174.800857543945,31202-20170928152758_v59.3
3AA8,-36.7506561279297,174.726608276367,88104-20170928152758_v59.3
2CCC,-36.8595314025879,174.865447998047,00707-20170928152758_v59.3
5E52,-36.8658676147461,174.90837097168,55206-20170928152758_v59.3
2C60,-36.8584175109863,174.763565063477,26701-20170928152758_v59.3
37F6,-36.8586311340332,174.750823974609,79801-20170928152758_v59.3
29E3,-36.8851013183594,174.787261962891,59501-20170928152758_v59.3
523A,-36.7947998046875,174.723846435547,95501-20170928152758_v59.3
36B6,-36.8450660705566,174.754135131836,79702-20170928152758_v59.3
36B2,-36.8404998779297,174.755630493164,79702-20170928152758_v59.3
5E93,-36.9137649536133,174.927154541016,55002-20170928152758_v59.3
672D,-36.9653015136719,174.910049438477,31401-20170928152758_v59.3
5C53,-36.8780670166016,174.635147094727,13406-20170928152758_v59.3
522B,-36.810001373291,174.725448608398,95801-20170928152758_v59.3
5A2E,-36.9109840393066,174.815124511719,00906-20170928152758_v59.3
30B0,-36.8539848327637,174.76220703125,02001-20170928152758_v59.3
36BF,-36.8505630493164,174.763458251953,73102-20170928152758_v59.3
36C8,-36.8931732177734,174.774505615234,73102-20170928152758_v59.3
5C31,-36.8743362426758,174.638961791992,13804-20170928152758_v59.3
37CC,-36.9105796813965,174.837753295898,71902-20170928152758_v59.3
5E62,-36.9741516113281,174.904022216797,58002-20170928152758_v59.3
2F66,-36.9055328369141,174.68603515625,01804-20170928152758_v59.3
5EBE,-36.8471832275391,174.77214050293,50005-20170928152758_v59.3
3AA3,-36.9081077575684,174.758804321289,27402-20170928152758_v59.3
588E,-36.7256660461426,174.724060058594,88001-20170928152758_v59.3
567B,-36.7507820129395,174.726013183594,10003-20170928152758_v59.3
5ED0,-36.8818511962891,175.026184082031,58903-20170928152758_v59.3
5E99,-36.9117012023926,174.871871948242,55001-20170928152758_v59.3
522A,-36.7261161804199,174.711532592773,95701-20170928152758_v59.3
36DA,-36.8884315490723,174.797653198242,77101-20170928152758_v59.3
30BA,-36.8018684387207,174.787185668945,81302-20170928152758_v59.3
AMP        198,-36.896541595459,174.631927490234,10235-20170928152758_v59.3
37C2,-36.8675537109375,174.777801513672,50502-20170928152758_v59.3
5C37,-36.9086494445801,174.626953125,15202-20170928152758_v59.3
5A48,-36.9194183349609,174.643478393555,15405-20170928152758_v59.3
