tt,seg_dist,speed,id
5.26666666666667,19.8783373006227,17.0286787296244,1
5.70416666666667,19.8783373006227,17.0447713588434,2
6.14166666666667,19.8783373006227,17.0454183281233,3
6.57916666666667,19.8783373006227,17.0281378451537,4
7.01666666666667,19.8783373006227,16.9893991966346,5
7.45416666666667,19.8783373006227,16.9267899638636,6
7.89166666666667,19.8783373006227,16.8591749294724,7
8.32916666666667,19.8783373006227,16.8074772017981,8
8.76666666666667,19.8783373006227,16.7806976981764,9
9.20416666666667,19.8783373006227,16.7772674591617,10
9.64166666666667,19.8783373006227,16.7842968340571,11
10.0791666666667,19.8783373006227,16.7964996523992,12
10.5166666666667,19.8783373006227,16.8136486818591,13
10.9541666666667,19.8783373006227,16.8352993295756,14
11.3916666666667,19.8783373006227,16.857197633692,15
11.8291666666667,19.8783373006227,16.875998682561,16
12.2666666666667,19.8783373006227,16.8901446607447,17
12.7041666666667,19.8783373006227,16.898611528209,18
13.1416666666667,19.8783373006227,16.9008607240371,19
13.5791666666667,19.8783373006227,16.897099112801,20
14.0166666666667,19.8783373006227,16.8879050316147,21
14.4541666666667,19.8783373006227,16.874192104029,22
14.8916666666667,19.8783373006227,16.8580831710148,23
15.3291666666667,19.8783373006227,16.842762728759,24
15.7666666666667,19.8783373006227,16.8330218578892,25
16.2041666666667,19.8783373006227,16.8320460445949,26
16.6416666666667,19.8783373006227,16.8408866839812,27
17.0791666666667,19.8783373006227,16.8587738479159,28
17.5166666666667,19.8783373006227,16.8830210466554,29
17.9541666666667,19.8783373006227,16.9143597944453,30
18.3916666666667,19.8783373006227,16.949637174209,31
18.8291666666667,19.8783373006227,16.98428135638,32
19.2666666666667,19.8783373006227,17.0154633806843,33
19.7041666666667,19.8783373006227,17.0381573095911,34
20.1416666666667,19.8783373006227,17.0510821277086,35
20.5791666666667,19.8783373006227,17.0552549944746,36
21.0166666666667,19.8783373006227,17.0528772781146,37
21.4541666666667,19.8783373006227,17.0470645801991,38
21.8916666666667,19.8783373006227,17.041977140661,39
22.3291666666667,19.8783373006227,17.043375085277,40
5.26666666666667,241.534034320955,17.1806755693329,41
5.70416666666667,241.534034320955,17.2151046145042,42
6.14166666666667,241.534034320955,17.2351859859225,43
6.57916666666667,241.534034320955,17.2404416072286,44
7.01666666666667,241.534034320955,17.2265301984771,45
7.45416666666667,241.534034320955,17.1900287522605,46
7.89166666666667,241.534034320955,17.1433687344262,47
8.32916666666667,241.534034320955,17.1064003003781,48
8.76666666666667,241.534034320955,17.0873712000059,49
9.20416666666667,241.534034320955,17.0833159327487,50
9.64166666666667,241.534034320955,17.0840165034875,51
10.0791666666667,241.534034320955,17.0855485163284,52
10.5166666666667,241.534034320955,17.0887616718784,53
10.9541666666667,241.534034320955,17.0935076704952,54
11.3916666666667,241.534034320955,17.0992444865212,55
11.8291666666667,241.534034320955,17.1040558571775,56
12.2666666666667,241.534034320955,17.1072881691127,57
12.7041666666667,241.534034320955,17.107963870336,58
13.1416666666667,241.534034320955,17.1048000948596,59
13.5791666666667,241.534034320955,17.0975527851505,60
14.0166666666667,241.534034320955,17.0858756215928,61
14.4541666666667,241.534034320955,17.0700470047014,62
14.8916666666667,241.534034320955,17.0523465626575,63
15.3291666666667,241.534034320955,17.0367332635356,64
15.7666666666667,241.534034320955,17.0282904368749,65
16.2041666666667,241.534034320955,17.0295868198387,66
16.6416666666667,241.534034320955,17.0430266816768,67
17.0791666666667,241.534034320955,17.0703454374551,68
17.5166666666667,241.534034320955,17.1060318800199,69
17.9541666666667,241.534034320955,17.1478112840356,70
18.3916666666667,241.534034320955,17.1905231480274,71
18.8291666666667,241.534034320955,17.2303577343517,72
19.2666666666667,241.534034320955,17.2632623443206,73
19.7041666666667,241.534034320955,17.2863508181838,74
20.1416666666667,241.534034320955,17.2994446480963,75
20.5791666666667,241.534034320955,17.3040786336086,76
21.0166666666667,241.534034320955,17.3026311919955,77
21.4541666666667,241.534034320955,17.2981850297695,78
21.8916666666667,241.534034320955,17.2949330389669,79
22.3291666666667,241.534034320955,17.2991707419171,80
5.26666666666667,463.189731341287,17.2779047355402,81
5.70416666666667,463.189731341287,17.3253106672913,82
6.14166666666667,463.189731341287,17.3693316509457,83
6.57916666666667,463.189731341287,17.4074413262842,84
7.01666666666667,463.189731341287,17.4349762440511,85
7.45416666666667,463.189731341287,17.4450223629068,86
7.89166666666667,463.189731341287,17.4423720920304,87
8.32916666666667,463.189731341287,17.4340976816092,88
8.76666666666667,463.189731341287,17.425953408725,89
9.20416666666667,463.189731341287,17.4170548914396,90
9.64166666666667,463.189731341287,17.4038873636029,91
10.0791666666667,463.189731341287,17.3850933475123,92
10.5166666666667,463.189731341287,17.3627241498455,93
10.9541666666667,463.189731341287,17.3395786936516,94
11.3916666666667,463.189731341287,17.3182698748008,95
11.8291666666667,463.189731341287,17.3006917828557,96
12.2666666666667,463.189731341287,17.2878617509598,97
12.7041666666667,463.189731341287,17.2787719598192,98
13.1416666666667,463.189731341287,17.2709998345808,99
13.5791666666667,463.189731341287,17.2621501600992,100
14.0166666666667,463.189731341287,17.2500590047945,101
14.4541666666667,463.189731341287,17.2341759211515,102
14.8916666666667,463.189731341287,17.2161813407431,103
15.3291666666667,463.189731341287,17.2001842957045,104
15.7666666666667,463.189731341287,17.191938449671,105
16.2041666666667,463.189731341287,17.196104835052,106
16.6416666666667,463.189731341287,17.216151463629,107
17.0791666666667,463.189731341287,17.2531685062083,108
17.5166666666667,463.189731341287,17.3027139302464,109
17.9541666666667,463.189731341287,17.3571069025008,110
18.3916666666667,463.189731341287,17.408086856116,111
18.8291666666667,463.189731341287,17.4508953032521,112
19.2666666666667,463.189731341287,17.4838391336934,113
19.7041666666667,463.189731341287,17.5072135567377,114
20.1416666666667,463.189731341287,17.5226776442706,115
20.5791666666667,463.189731341287,17.5322398558567,116
21.0166666666667,463.189731341287,17.5380136456894,117
21.4541666666667,463.189731341287,17.5424335178193,118
21.8916666666667,463.189731341287,17.5487433257896,119
22.3291666666667,463.189731341287,17.5615891171267,120
5.26666666666667,684.845428361619,17.3133081109085,121
5.70416666666667,684.845428361619,17.3672716253774,122
6.14166666666667,684.845428361619,17.4287374305073,123
6.57916666666667,684.845428361619,17.4969853845362,124
7.01666666666667,684.845428361619,17.567770080284,125
7.45416666666667,684.845428361619,17.6326978573072,126
7.89166666666667,684.845428361619,17.6821580171716,127
8.32916666666667,684.845428361619,17.71150430063,128
8.76666666666667,684.845428361619,17.7221073082388,129
9.20416666666667,684.845428361619,17.7138719816849,130
9.64166666666667,684.845428361619,17.6863113278282,131
10.0791666666667,684.845428361619,17.6424710696616,132
10.5166666666667,684.845428361619,17.5888066804806,133
10.9541666666667,684.845428361619,17.5325068159311,134
11.3916666666667,684.845428361619,17.4800965153464,135
11.8291666666667,684.845428361619,17.4377231834642,136
12.2666666666667,684.845428361619,17.4081704420497,137
12.7041666666667,684.845428361619,17.3902292247574,138
13.1416666666667,684.845428361619,17.3796518934179,139
13.5791666666667,684.845428361619,17.3709110401548,140
14.0166666666667,684.845428361619,17.3588129960108,141
14.4541666666667,684.845428361619,17.3405803492627,142
14.8916666666667,684.845428361619,17.3171512361107,143
15.3291666666667,684.845428361619,17.2934733111401,144
15.7666666666667,684.845428361619,17.2773914599998,145
16.2041666666667,684.845428361619,17.2770799085831,146
16.6416666666667,684.845428361619,17.2985019076634,147
17.0791666666667,684.845428361619,17.3430471287629,148
17.5166666666667,684.845428361619,17.4055018164319,149
17.9541666666667,684.845428361619,17.4748947161184,150
18.3916666666667,684.845428361619,17.5405465085421,151
18.8291666666667,684.845428361619,17.5936446977311,152
19.2666666666667,684.845428361619,17.6324959403233,153
19.7041666666667,684.845428361619,17.6627956604706,154
20.1416666666667,684.845428361619,17.6886045869401,155
20.5791666666667,684.845428361619,17.7122064587728,156
21.0166666666667,684.845428361619,17.734971442586,157
21.4541666666667,684.845428361619,17.7580356427632,158
21.8916666666667,684.845428361619,17.7829467667338,159
22.3291666666667,684.845428361619,17.8122502819629,160
5.26666666666667,906.501125381951,17.2837821409156,161
5.70416666666667,906.501125381951,17.3305200194555,162
6.14166666666667,906.501125381951,17.3937984534076,163
6.57916666666667,906.501125381951,17.4777419563391,164
7.01666666666667,906.501125381951,17.5816549213425,165
7.45416666666667,906.501125381951,17.6957668443706,166
7.89166666666667,906.501125381951,17.7997931044156,167
8.32916666666667,906.501125381951,17.8744756533995,168
8.76666666666667,906.501125381951,17.9120453731297,169
9.20416666666667,906.501125381951,17.9098043952287,170
9.64166666666667,906.501125381951,17.8714086599492,171
10.0791666666667,906.501125381951,17.8051723639879,172
10.5166666666667,906.501125381951,17.7223167800859,173
10.9541666666667,906.501125381951,17.6347171492639,174
11.3916666666667,906.501125381951,17.5539846283649,175
11.8291666666667,906.501125381951,17.4902678544254,176
12.2666666666667,906.501125381951,17.4477718430641,177
12.7041666666667,906.501125381951,17.424705241495,178
13.1416666666667,906.501125381951,17.4142088791661,179
13.5791666666667,906.501125381951,17.406403144383,180
14.0166666666667,906.501125381951,17.3914742838918,181
14.4541666666667,906.501125381951,17.3632176762402,182
14.8916666666667,906.501125381951,17.3218763864231,183
15.3291666666667,906.501125381951,17.2747273265591,184
15.7666666666667,906.501125381951,17.2337964139122,185
16.2041666666667,906.501125381951,17.2137525129427,186
16.6416666666667,906.501125381951,17.2254206422713,187
17.0791666666667,906.501125381951,17.2706555900979,188
17.5166666666667,906.501125381951,17.3444884990318,189
17.9541666666667,906.501125381951,17.4340970841018,190
18.3916666666667,906.501125381951,17.523438189357,191
18.8291666666667,906.501125381951,17.5988618619174,192
19.2666666666667,906.501125381951,17.6575078440553,193
19.7041666666667,906.501125381951,17.7096987837005,194
20.1416666666667,906.501125381951,17.7608674415494,195
20.5791666666667,906.501125381951,17.8131774824885,196
21.0166666666667,906.501125381951,17.8667626122712,197
21.4541666666667,906.501125381951,17.920959943691,198
21.8916666666667,906.501125381951,17.9752535676237,199
22.3291666666667,906.501125381951,18.0298179355645,200
5.26666666666667,1128.15682240228,17.194730191767,201
5.70416666666667,1128.15682240228,17.214205480159,202
6.14166666666667,1128.15682240228,17.2535817547059,203
6.57916666666667,1128.15682240228,17.3247937131741,204
7.01666666666667,1128.15682240228,17.4355657682364,205
7.45416666666667,1128.15682240228,17.5787292505798,206
7.89166666666667,1128.15682240228,17.7333380734862,207
8.32916666666667,1128.15682240228,17.8636663268017,208
8.76666666666667,1128.15682240228,17.9388425339065,209
9.20416666666667,1128.15682240228,17.9516308447806,210
9.64166666666667,1128.15682240228,17.9128244066186,211
10.0791666666667,1128.15682240228,17.8353084880115,212
10.5166666666667,1128.15682240228,17.7344688241885,213
10.9541666666667,1128.15682240228,17.6258973029038,214
11.3916666666667,1128.15682240228,17.5260171895895,215
11.8291666666667,1128.15682240228,17.4485145509642,216
12.2666666666667,1128.15682240228,17.3989906310412,217
12.7041666666667,1128.15682240228,17.3748318084865,218
13.1416666666667,1128.15682240228,17.3660582400306,219
13.5791666666667,1128.15682240228,17.3568982535125,220
14.0166666666667,1128.15682240228,17.3315079523465,221
14.4541666666667,1128.15682240228,17.2788153796202,222
14.8916666666667,1128.15682240228,17.1983233364698,223
15.3291666666667,1128.15682240228,17.1017824807254,224
15.7666666666667,1128.15682240228,17.0101214594604,225
16.2041666666667,1128.15682240228,16.9484609749243,226
16.6416666666667,1128.15682240228,16.9345660099131,227
17.0791666666667,1128.15682240228,16.9726060087464,228
17.5166666666667,1128.15682240228,17.0573996211689,229
17.9541666666667,1128.15682240228,17.173937006615,230
18.3916666666667,1128.15682240228,17.2988514075147,231
18.8291666666667,1128.15682240228,17.4134914113317,232
19.2666666666667,1128.15682240228,17.5139542797999,233
19.7041666666667,1128.15682240228,17.6096473680991,234
20.1416666666667,1128.15682240228,17.7074395959019,235
20.5791666666667,1128.15682240228,17.808286514512,236
21.0166666666667,1128.15682240228,17.9101725026735,237
21.4541666666667,1128.15682240228,18.0101395106238,238
21.8916666666667,1128.15682240228,18.1054583899832,239
22.3291666666667,1128.15682240228,18.1941584957052,240
5.26666666666667,1349.81251942262,17.0664684562762,241
5.70416666666667,1349.81251942262,17.0380999440767,242
6.14166666666667,1349.81251942262,17.0234786401845,243
6.57916666666667,1349.81251942262,17.0428881191334,244
7.01666666666667,1349.81251942262,17.1162805672725,245
7.45416666666667,1349.81251942262,17.255086452749,246
7.89166666666667,1349.81251942262,17.4420075041694,247
8.32916666666667,1349.81251942262,17.626217340098,248
8.76666666666667,1349.81251942262,17.7468081061221,249
9.20416666666667,1349.81251942262,17.793466809689,250
9.64166666666667,1349.81251942262,17.7792452259737,251
10.0791666666667,1349.81251942262,17.7154376289105,252
10.5166666666667,1349.81251942262,17.6198402595439,253
10.9541666666667,1349.81251942262,17.5124114742109,254
11.3916666666667,1349.81251942262,17.4103509290347,255
11.8291666666667,1349.81251942262,17.3310873776164,256
12.2666666666667,1349.81251942262,17.2803239133114,257
12.7041666666667,1349.81251942262,17.2543908307819,258
13.1416666666667,1349.81251942262,17.2406865931683,259
13.5791666666667,1349.81251942262,17.2168945567033,260
14.0166666666667,1349.81251942262,17.16275342479,261
14.4541666666667,1349.81251942262,17.0611590074352,262
14.8916666666667,1349.81251942262,16.9127178768549,263
15.3291666666667,1349.81251942262,16.7359350986102,264
15.7666666666667,1349.81251942262,16.5632882087901,265
16.2041666666667,1349.81251942262,16.4345824132743,266
16.6416666666667,1349.81251942262,16.3768667600081,267
17.0791666666667,1349.81251942262,16.3974496350128,268
17.5166666666667,1349.81251942262,16.4926134103586,269
17.9541666666667,1349.81251942262,16.6491358809141,270
18.3916666666667,1349.81251942262,16.8285029304261,271
18.8291666666667,1349.81251942262,17.0060939281737,272
19.2666666666667,1349.81251942262,17.1703035479734,273
19.7041666666667,1349.81251942262,17.3372643276357,274
20.1416666666667,1349.81251942262,17.5089121026507,275
20.5791666666667,1349.81251942262,17.6819658873756,276
21.0166666666667,1349.81251942262,17.8517198658868,277
21.4541666666667,1349.81251942262,18.0128326213381,278
21.8916666666667,1349.81251942262,18.1604234499718,279
22.3291666666667,1349.81251942262,18.2914650651341,280
5.26666666666667,1571.46821644295,16.9375898390053,281
5.70416666666667,1571.46821644295,16.8516713285622,282
6.14166666666667,1571.46821644295,16.7673095862481,283
6.57916666666667,1571.46821644295,16.7058058435396,284
7.01666666666667,1571.46821644295,16.698171342328,285
7.45416666666667,1571.46821644295,16.7764959617616,286
7.89166666666667,1571.46821644295,16.935827493064,287
8.32916666666667,1571.46821644295,17.1300120303614,288
8.76666666666667,1571.46821644295,17.3028236777656,289
9.20416666666667,1571.46821644295,17.4188150040916,290
9.64166666666667,1571.46821644295,17.4688869044065,291
10.0791666666667,1571.46821644295,17.4589817286817,292
10.5166666666667,1571.46821644295,17.4056959728737,293
10.9541666666667,1571.46821644295,17.3305462964504,294
11.3916666666667,1571.46821644295,17.2530159463043,295
11.8291666666667,1571.46821644295,17.1868636772166,296
12.2666666666667,1571.46821644295,17.1382985622735,297
12.7041666666667,1571.46821644295,17.1005793761304,298
13.1416666666667,1571.46821644295,17.0574131581567,299
13.5791666666667,1571.46821644295,16.9868950843923,300
14.0166666666667,1571.46821644295,16.8662206405104,301
14.4541666666667,1571.46821644295,16.6800873324181,302
14.8916666666667,1571.46821644295,16.4316974647347,303
15.3291666666667,1571.46821644295,16.1508872281474,304
15.7666666666667,1571.46821644295,15.8767296728717,305
16.2041666666667,1571.46821644295,15.6576982655986,306
16.6416666666667,1571.46821644295,15.5319336930426,307
17.0791666666667,1571.46821644295,15.5188069805672,308
17.5166666666667,1571.46821644295,15.618902847347,309
17.9541666666667,1571.46821644295,15.8134711437496,310
18.3916666666667,1571.46821644295,16.0656507613373,311
18.8291666666667,1571.46821644295,16.337678029562,312
19.2666666666667,1571.46821644295,16.6145808916926,313
19.7041666666667,1571.46821644295,16.8930603776015,314
20.1416666666667,1571.46821644295,17.1684444658851,315
20.5791666666667,1571.46821644295,17.4363851275737,316
21.0166666666667,1571.46821644295,17.692026790384,317
21.4541666666667,1571.46821644295,17.928128863554,318
21.8916666666667,1571.46821644295,18.1368878497887,319
22.3291666666667,1571.46821644295,18.3135980730064,320
5.26666666666667,1793.12391346328,16.8736688539247,321
5.70416666666667,1793.12391346328,16.7458765311906,322
6.14166666666667,1793.12391346328,16.6047715311879,323
6.57916666666667,1793.12391346328,16.4693164974085,324
7.01666666666667,1793.12391346328,16.3774146943699,325
7.45416666666667,1793.12391346328,16.3750818034745,326
7.89166666666667,1793.12391346328,16.4753721744232,327
8.32916666666667,1793.12391346328,16.6420459097265,328
8.76666666666667,1793.12391346328,16.8437386017772,329
9.20416666666667,1793.12391346328,17.0205188845494,330
9.64166666666667,1793.12391346328,17.1358476562473,331
10.0791666666667,1793.12391346328,17.1847910244307,332
10.5166666666667,1793.12391346328,17.1800282389872,333
10.9541666666667,1793.12391346328,17.1416456322767,334
11.3916666666667,1793.12391346328,17.0908722287313,335
11.8291666666667,1793.12391346328,17.0378322047348,336
12.2666666666667,1793.12391346328,16.9833272092795,337
12.7041666666667,1793.12391346328,16.9167742304276,338
13.1416666666667,1793.12391346328,16.8228104031979,339
13.5791666666667,1793.12391346328,16.6792204868641,340
14.0166666666667,1793.12391346328,16.4661211068306,341
14.4541666666667,1793.12391346328,16.1712677525408,342
14.8916666666667,1793.12391346328,15.8006934969837,343
15.3291666666667,1793.12391346328,15.3930518366149,344
15.7666666666667,1793.12391346328,14.9968317568561,345
16.2041666666667,1793.12391346328,14.6695645066029,346
16.6416666666667,1793.12391346328,14.4640486204011,347
17.0791666666667,1793.12391346328,14.4113929307282,348
17.5166666666667,1793.12391346328,14.518534379562,349
17.9541666666667,1793.12391346328,14.7651979145471,350
18.3916666666667,1793.12391346328,15.1081951693508,351
18.8291666666667,1793.12391346328,15.4992493221636,352
19.2666666666667,1793.12391346328,15.9100863493545,353
19.7041666666667,1793.12391346328,16.3227980769487,354
20.1416666666667,1793.12391346328,16.717700539446,355
20.5791666666667,1793.12391346328,17.0931359704729,356
21.0166666666667,1793.12391346328,17.4456659687888,357
21.4541666666667,1793.12391346328,17.7654843668617,358
21.8916666666667,1793.12391346328,18.0414376173752,359
22.3291666666667,1793.12391346328,18.2660174598165,360
5.26666666666667,2014.77961048361,16.9190045311231,361
5.70416666666667,2014.77961048361,16.7893124945565,362
6.14166666666667,2014.77961048361,16.6426018477582,363
6.57916666666667,2014.77961048361,16.4933010008636,364
7.01666666666667,2014.77961048361,16.3745885067109,365
7.45416666666667,2014.77961048361,16.3298812581455,366
7.89166666666667,2014.77961048361,16.374036349811,367
8.32916666666667,2014.77961048361,16.4917086374846,368
8.76666666666667,2014.77961048361,16.6597111637778,369
9.20416666666667,2014.77961048361,16.8263962981902,370
9.64166666666667,2014.77961048361,16.953426953431,371
10.0791666666667,2014.77961048361,17.0258476756984,372
10.5166666666667,2014.77961048361,17.0454441805882,373
10.9541666666667,2014.77961048361,17.0236612414266,374
11.3916666666667,2014.77961048361,16.9780614434655,375
11.8291666666667,2014.77961048361,16.9169030843664,376
12.2666666666667,2014.77961048361,16.8358956016665,377
12.7041666666667,2014.77961048361,16.721547304751,378
13.1416666666667,2014.77961048361,16.5570987372015,379
13.5791666666667,2014.77961048361,16.3241546331386,380
14.0166666666667,2014.77961048361,16.00818177301,381
14.4541666666667,2014.77961048361,15.5960326150072,382
14.8916666666667,2014.77961048361,15.0936003103754,383
15.3291666666667,2014.77961048361,14.5460574391907,384
15.7666666666667,2014.77961048361,14.0164790573137,385
16.2041666666667,2014.77961048361,13.5788051405693,386
16.6416666666667,2014.77961048361,13.2960457982501,387
17.0791666666667,2014.77961048361,13.2099935227412,388
17.5166666666667,2014.77961048361,13.3342589309945,389
17.9541666666667,2014.77961048361,13.6457757243458,390
18.3916666666667,2014.77961048361,14.0922452476731,391
18.8291666666667,2014.77961048361,14.6095978816998,392
19.2666666666667,2014.77961048361,15.1523717945651,393
19.7041666666667,2014.77961048361,15.6926307532068,394
20.1416666666667,2014.77961048361,16.2089485434849,395
20.5791666666667,2014.77961048361,16.6927114478899,396
21.0166666666667,2014.77961048361,17.1388667963368,397
21.4541666666667,2014.77961048361,17.5376838240563,398
21.8916666666667,2014.77961048361,17.8729678456295,399
22.3291666666667,2014.77961048361,18.151295477063,400
5.26666666666667,2236.43530750394,17.0659538332784,401
5.70416666666667,2236.43530750394,16.9731415291918,402
6.14166666666667,2236.43530750394,16.870977363346,403
6.57916666666667,2236.43530750394,16.7674629878026,404
7.01666666666667,2236.43530750394,16.6785482778175,405
7.45416666666667,2236.43530750394,16.6277291354254,406
7.89166666666667,2236.43530750394,16.6319564868334,407
8.32916666666667,2236.43530750394,16.6886540290778,408
8.76666666666667,2236.43530750394,16.7844387904722,409
9.20416666666667,2236.43530750394,16.8880315198002,410
9.64166666666667,2236.43530750394,16.9748068239674,411
10.0791666666667,2236.43530750394,17.0261509136508,412
10.5166666666667,2236.43530750394,17.0346215725069,413
10.9541666666667,2236.43530750394,17.0023269865775,414
11.3916666666667,2236.43530750394,16.9377450598504,415
11.8291666666667,2236.43530750394,16.8459615540246,416
12.2666666666667,2236.43530750394,16.7205237207181,417
12.7041666666667,2236.43530750394,16.546386740534,418
13.1416666666667,2236.43530750394,16.3046385097237,419
13.5791666666667,2236.43530750394,15.9784152808918,420
14.0166666666667,2236.43530750394,15.555543907936,421
14.4541666666667,2236.43530750394,15.0260767343042,422
14.8916666666667,2236.43530750394,14.3968581899919,423
15.3291666666667,2236.43530750394,13.7240126212191,424
15.7666666666667,2236.43530750394,13.0825395142385,425
16.2041666666667,2236.43530750394,12.5572664751916,426
16.6416666666667,2236.43530750394,12.2159979377022,427
17.0791666666667,2236.43530750394,12.1093585576912,428
17.5166666666667,2236.43530750394,12.2551651048055,429
17.9541666666667,2236.43530750394,12.6313621413912,430
18.3916666666667,2236.43530750394,13.1758023704066,431
18.8291666666667,2236.43530750394,13.8081724217545,432
19.2666666666667,2236.43530750394,14.465741694875,433
19.7041666666667,2236.43530750394,15.1150794029583,434
20.1416666666667,2236.43530750394,15.7332448499216,435
20.5791666666667,2236.43530750394,16.3059110763634,436
21.0166666666667,2236.43530750394,16.8243510752472,437
21.4541666666667,2236.43530750394,17.2815647845278,438
21.8916666666667,2236.43530750394,17.6738990988843,439
22.3291666666667,2236.43530750394,18.00622005059,440
5.26666666666667,2458.09100452428,17.258397970394,441
5.70416666666667,2458.09100452428,17.2173967741141,442
6.14166666666667,2458.09100452428,17.1763415274957,443
6.57916666666667,2458.09100452428,17.1373463198961,444
7.01666666666667,2458.09100452428,17.1001613969206,445
7.45416666666667,2458.09100452428,17.069000138703,446
7.89166666666667,2458.09100452428,17.0471399928549,447
8.32916666666667,2458.09100452428,17.0443379292121,448
8.76666666666667,2458.09100452428,17.0654853344817,449
9.20416666666667,2458.09100452428,17.101463560167,450
9.64166666666667,2458.09100452428,17.1326717417903,451
10.0791666666667,2458.09100452428,17.1403397315683,452
10.5166666666667,2458.09100452428,17.113341368927,453
10.9541666666667,2458.09100452428,17.0494940568006,454
11.3916666666667,2458.09100452428,16.9511971816243,455
11.8291666666667,2458.09100452428,16.8188390012288,456
12.2666666666667,2458.09100452428,16.6451228198925,457
12.7041666666667,2458.09100452428,16.415097374728,458
13.1416666666667,2458.09100452428,16.1088094669892,459
13.5791666666667,2458.09100452428,15.7037210482357,460
14.0166666666667,2458.09100452428,15.1866182434954,461
14.4541666666667,2458.09100452428,14.5557872867402,462
14.8916666666667,2458.09100452428,13.832648406112,463
15.3291666666667,2458.09100452428,13.0762729003334,464
15.7666666666667,2458.09100452428,12.371887686741,465
16.2041666666667,2458.09100452428,11.8019818157467,466
16.6416666666667,2458.09100452428,11.4347313953134,467
17.0791666666667,2458.09100452428,11.3253647276494,468
17.5166666666667,2458.09100452428,11.4965416832303,469
17.9541666666667,2458.09100452428,11.9225322469026,470
18.3916666666667,2458.09100452428,12.5325597944021,471
18.8291666666667,2458.09100452428,13.2424061136758,472
19.2666666666667,2458.09100452428,13.9817905751265,473
19.7041666666667,2458.09100452428,14.7069458357812,474
20.1416666666667,2458.09100452428,15.3917925554454,475
20.5791666666667,2458.09100452428,16.0203170033438,476
21.0166666666667,2458.09100452428,16.5838179407969,477
21.4541666666667,2458.09100452428,17.0796818617391,478
21.8916666666667,2458.09100452428,17.5100997411952,479
22.3291666666667,2458.09100452428,17.8813289040591,480
5.26666666666667,2679.74670154461,17.4201036033769,481
5.70416666666667,2679.74670154461,17.4150445121255,482
6.14166666666667,2679.74670154461,17.4130967879166,483
6.57916666666667,2679.74670154461,17.4153361307699,484
7.01666666666667,2679.74670154461,17.4150774029705,485
7.45416666666667,2679.74670154461,17.3959485829019,486
7.89166666666667,2679.74670154461,17.3474600236538,487
8.32916666666667,2679.74670154461,17.3053127516816,488
8.76666666666667,2679.74670154461,17.2907506489147,489
9.20416666666667,2679.74670154461,17.2975503873428,490
9.64166666666667,2679.74670154461,17.300316009867,491
10.0791666666667,2679.74670154461,17.2760541765229,492
10.5166666666667,2679.74670154461,17.2137613555369,493
10.9541666666667,2679.74670154461,17.1139415390499,494
11.3916666666667,2679.74670154461,16.979487789457,495
11.8291666666667,2679.74670154461,16.8112653371324,496
12.2666666666667,2679.74670154461,16.6024359886412,497
12.7041666666667,2679.74670154461,16.3384495829631,498
13.1416666666667,2679.74670154461,15.9964372954895,499
13.5791666666667,2679.74670154461,15.5529180527854,500
14.0166666666667,2679.74670154461,14.993456945848,501
14.4541666666667,2679.74670154461,14.3154641009125,502
14.8916666666667,2679.74670154461,13.546097269125,503
15.3291666666667,2679.74670154461,12.7524234877387,504
15.7666666666667,2679.74670154461,12.0287273396376,505
16.2041666666667,2679.74670154461,11.4538440120442,506
16.6416666666667,2679.74670154461,11.0886460694902,507
17.0791666666667,2679.74670154461,10.9974651932207,508
17.5166666666667,2679.74670154461,11.1925230447508,509
17.9541666666667,2679.74670154461,11.6509130181523,510
18.3916666666667,2679.74670154461,12.2985945360912,511
18.8291666666667,2679.74670154461,13.0410712907515,512
19.2666666666667,2679.74670154461,13.8069764206379,513
19.7041666666667,2679.74670154461,14.5541795497424,514
20.1416666666667,2679.74670154461,15.2579650141338,515
20.5791666666667,2679.74670154461,15.9013310022323,516
21.0166666666667,2679.74670154461,16.4749403450221,517
21.4541666666667,2679.74670154461,16.9806822216631,518
21.8916666666667,2679.74670154461,17.4242924829247,519
22.3291666666667,2679.74670154461,17.8132444543837,520
5.26666666666667,2901.40239856494,17.4965988943239,521
5.70416666666667,2901.40239856494,17.4852020359055,522
6.14166666666667,2901.40239856494,17.4723140768999,523
6.57916666666667,2901.40239856494,17.4569702814308,524
7.01666666666667,2901.40239856494,17.4275634431406,525
7.45416666666667,2901.40239856494,17.3718557396895,526
7.89166666666667,2901.40239856494,17.30718496778,527
8.32916666666667,2901.40239856494,17.279967352268,528
8.76666666666667,2901.40239856494,17.3038664379277,529
9.20416666666667,2901.40239856494,17.3505483447271,530
9.64166666666667,2901.40239856494,17.3768577576092,531
10.0791666666667,2901.40239856494,17.3504504039448,532
10.5166666666667,2901.40239856494,17.2702077712655,533
10.9541666666667,2901.40239856494,17.1446484706624,534
11.3916666666667,2901.40239856494,16.9833395506317,535
11.8291666666667,2901.40239856494,16.7933346522737,536
12.2666666666667,2901.40239856494,16.5715674076982,537
12.7041666666667,2901.40239856494,16.3055927360796,538
13.1416666666667,2901.40239856494,15.9715343069977,539
13.5791666666667,2901.40239856494,15.5438820237507,540
14.0166666666667,2901.40239856494,15.0084946859134,541
14.4541666666667,2901.40239856494,14.3640283046253,542
14.8916666666667,2901.40239856494,13.6336612477823,543
15.3291666666667,2901.40239856494,12.8826748812169,544
15.7666666666667,2901.40239856494,12.2051038348516,545
16.2041666666667,2901.40239856494,11.6792911889855,546
16.6416666666667,2901.40239856494,11.3630626399365,547
17.0791666666667,2901.40239856494,11.3006336670699,548
17.5166666666667,2901.40239856494,11.5041319465077,549
17.9541666666667,2901.40239856494,11.9502594764938,550
18.3916666666667,2901.40239856494,12.5676249464755,551
18.8291666666667,2901.40239856494,13.2685708422876,552
19.2666666666667,2901.40239856494,13.9876280080308,553
19.7041666666667,2901.40239856494,14.6901567419382,554
20.1416666666667,2901.40239856494,15.3561363607563,555
20.5791666666667,2901.40239856494,15.969135714207,556
21.0166666666667,2901.40239856494,16.517049919236,557
21.4541666666667,2901.40239856494,17.0037625863576,558
21.8916666666667,2901.40239856494,17.436031759056,559
22.3291666666667,2901.40239856494,17.8219618698813,560
5.26666666666667,3123.05809558527,17.4895474691418,561
5.70416666666667,3123.05809558527,17.4420934752544,562
6.14166666666667,3123.05809558527,17.3785313147856,563
6.57916666666667,3123.05809558527,17.3020892856874,564
7.01666666666667,3123.05809558527,17.2095325689,565
7.45416666666667,3123.05809558527,17.1133089761828,566
7.89166666666667,3123.05809558527,17.0592301666677,567
8.32916666666667,3123.05809558527,17.0804605422301,568
8.76666666666667,3123.05809558527,17.172164552624,569
9.20416666666667,3123.05809558527,17.2827591806546,570
9.64166666666667,3123.05809558527,17.3486184728676,571
10.0791666666667,3123.05809558527,17.3363264069716,572
10.5166666666667,3123.05809558527,17.2515758808714,573
10.9541666666667,3123.05809558527,17.1140531839149,574
11.3916666666667,3123.05809558527,16.9403470687764,575
11.8291666666667,3123.05809558527,16.7460349015763,576
12.2666666666667,3123.05809558527,16.5344216643091,577
12.7041666666667,3123.05809558527,16.2962609821501,578
13.1416666666667,3123.05809558527,16.0115346671794,579
13.5791666666667,3123.05809558527,15.6565404872269,580
14.0166666666667,3123.05809558527,15.2163276387244,581
14.4541666666667,3123.05809558527,14.6858610357791,582
14.8916666666667,3123.05809558527,14.0846760722792,583
15.3291666666667,3123.05809558527,13.467505934979,584
15.7666666666667,3123.05809558527,12.9125181391832,585
16.2041666666667,3123.05809558527,12.488638027017,586
16.6416666666667,3123.05809558527,12.2421378925818,587
17.0791666666667,3123.05809558527,12.2086082603171,588
17.5166666666667,3123.05809558527,12.3972286779925,589
17.9541666666667,3123.05809558527,12.7828037088854,590
18.3916666666667,3123.05809558527,13.3043825954942,591
18.8291666666667,3123.05809558527,13.8904596694363,592
19.2666666666667,3123.05809558527,14.492687198463,593
19.7041666666667,3123.05809558527,15.0888556066782,594
20.1416666666667,3123.05809558527,15.6635742763385,595
20.5791666666667,3123.05809558527,16.2039455168945,596
21.0166666666667,3123.05809558527,16.6982433479247,597
21.4541666666667,3123.05809558527,17.1445627674246,598
21.8916666666667,3123.05809558527,17.5478073642959,599
22.3291666666667,3123.05809558527,17.916144769451,600
5.26666666666667,3344.71379260561,17.4420615871667,601
5.70416666666667,3344.71379260561,17.3502329678087,602
6.14166666666667,3344.71379260561,17.2408419288402,603
6.57916666666667,3344.71379260561,17.1187200334349,604
7.01666666666667,3344.71379260561,17.0008454668225,605
7.45416666666667,3344.71379260561,16.9215988568771,606
7.89166666666667,3344.71379260561,16.9105569838182,607
8.32916666666667,3344.71379260561,16.9729300350761,608
8.76666666666667,3344.71379260561,17.0850540839118,609
9.20416666666667,3344.71379260561,17.2002890208998,610
9.64166666666667,3344.71379260561,17.2674697757935,611
10.0791666666667,3344.71379260561,17.258315172134,612
10.5166666666667,3344.71379260561,17.1738740189098,613
10.9541666666667,3344.71379260561,17.034860803809,614
11.3916666666667,3344.71379260561,16.8642521796231,615
11.8291666666667,3344.71379260561,16.6831897172743,616
12.2666666666667,3344.71379260561,16.5011312017041,617
12.7041666666667,3344.71379260561,16.3127171585051,618
13.1416666666667,3344.71379260561,16.1048292492899,619
13.5791666666667,3344.71379260561,15.8586279539453,620
14.0166666666667,3344.71379260561,15.5585046268387,621
14.4541666666667,3344.71379260561,15.1982462491922,622
14.8916666666667,3344.71379260561,14.7889096368217,623
15.3291666666667,3344.71379260561,14.3659753781578,624
15.7666666666667,3344.71379260561,13.9829185853714,625
16.2041666666667,3344.71379260561,13.6910354484944,626
16.6416666666667,3344.71379260561,13.5308365054675,627
17.0791666666667,3344.71379260561,13.5255673022094,628
17.5166666666667,3344.71379260561,13.6780577109471,629
17.9541666666667,3344.71379260561,13.9652907705043,630
18.3916666666667,3344.71379260561,14.346179821153,631
18.8291666666667,3344.71379260561,14.7760758774179,632
19.2666666666667,3344.71379260561,15.2244367152121,633
19.7041666666667,3344.71379260561,15.6796537711203,634
20.1416666666667,3344.71379260561,16.1327044217598,635
20.5791666666667,3344.71379260561,16.5734824217765,636
21.0166666666667,3344.71379260561,16.9930837544396,637
21.4541666666667,3344.71379260561,17.3864944032482,638
21.8916666666667,3344.71379260561,17.7533819584314,639
22.3291666666667,3344.71379260561,18.0965988252456,640
5.26666666666667,3566.36948962594,17.4223812858038,641
5.70416666666667,3566.36948962594,17.303614651926,642
6.14166666666667,3566.36948962594,17.1716431824554,643
6.57916666666667,3566.36948962594,17.0367143159273,644
7.01666666666667,3566.36948962594,16.92278464878,645
7.45416666666667,3566.36948962594,16.867138385562,646
7.89166666666667,3566.36948962594,16.8939692285443,647
8.32916666666667,3566.36948962594,16.9846228262616,648
8.76666666666667,3566.36948962594,17.0977573942825,649
9.20416666666667,3566.36948962594,17.1924246838945,650
9.64166666666667,3566.36948962594,17.2347904091095,651
10.0791666666667,3566.36948962594,17.2076507821514,652
10.5166666666667,3566.36948962594,17.1153114602232,653
10.9541666666667,3566.36948962594,16.9768694051398,654
11.3916666666667,3566.36948962594,16.8158242208294,655
11.8291666666667,3566.36948962594,16.6554660246112,656
12.2666666666667,3566.36948962594,16.5135638693431,657
12.7041666666667,3566.36948962594,16.3892061440172,658
13.1416666666667,3566.36948962594,16.2730109587137,659
13.5791666666667,3566.36948962594,16.1494050525287,660
14.0166666666667,3566.36948962594,16.0022227216385,661
14.4541666666667,3566.36948962594,15.8234650785635,662
14.8916666666667,3566.36948962594,15.6129303953495,663
15.3291666666667,3566.36948962594,15.38880631901,664
15.7666666666667,3566.36948962594,15.1782084065074,665
16.2041666666667,3566.36948962594,15.0147355306569,666
16.6416666666667,3566.36948962594,14.9324479978991,667
17.0791666666667,3566.36948962594,14.949385025167,668
17.5166666666667,3566.36948962594,15.0640089736347,669
17.9541666666667,3566.36948962594,15.2554138646682,670
18.3916666666667,3566.36948962594,15.4978468037291,671
18.8291666666667,3566.36948962594,15.7672255817025,672
19.2666666666667,3566.36948962594,16.0579379477781,673
19.7041666666667,3566.36948962594,16.3700872802888,674
20.1416666666667,3566.36948962594,16.6989334435589,675
20.5791666666667,3566.36948962594,17.0369702716541,676
21.0166666666667,3566.36948962594,17.3771961869294,677
21.4541666666667,3566.36948962594,17.7124718091173,678
21.8916666666667,3566.36948962594,18.0371042760004,679
22.3291666666667,3566.36948962594,18.3487344540197,680
5.26666666666667,3788.02518664627,17.4752174033454,681
5.70416666666667,3788.02518664627,17.3545177925948,682
6.14166666666667,3788.02518664627,17.2287561047927,683
6.57916666666667,3788.02518664627,17.1094979462144,684
7.01666666666667,3788.02518664627,17.0185091844586,685
7.45416666666667,3788.02518664627,16.9856564475251,686
7.89166666666667,3788.02518664627,17.0292238093536,687
8.32916666666667,3788.02518664627,17.1231635950536,688
8.76666666666667,3788.02518664627,17.218843447119,689
9.20416666666667,3788.02518664627,17.2829600782654,690
9.64166666666667,3788.02518664627,17.2938369798663,691
10.0791666666667,3788.02518664627,17.2430185820976,692
10.5166666666667,3788.02518664627,17.1409054420275,693
10.9541666666667,3788.02518664627,17.0072039685773,694
11.3916666666667,3788.02518664627,16.863787826734,695
11.8291666666667,3788.02518664627,16.7312736056372,696
12.2666666666667,3788.02518664627,16.6300101552715,697
12.7041666666667,3788.02518664627,16.5633706484943,698
13.1416666666667,3788.02518664627,16.5314106742144,699
13.5791666666667,3788.02518664627,16.5127210035386,700
14.0166666666667,3788.02518664627,16.4937219629121,701
14.4541666666667,3788.02518664627,16.4640303253384,702
14.8916666666667,3788.02518664627,16.4164732546668,703
15.3291666666667,3788.02518664627,16.3553578465356,704
15.7666666666667,3788.02518664627,16.2864440987282,705
16.2041666666667,3788.02518664627,16.227470760557,706
16.6416666666667,3788.02518664627,16.2080964778223,707
17.0791666666667,3788.02518664627,16.2412235890414,708
17.5166666666667,3788.02518664627,16.3254151075062,709
17.9541666666667,3788.02518664627,16.4398193148705,710
18.3916666666667,3788.02518664627,16.5702441815302,711
18.8291666666667,3788.02518664627,16.7120393199339,712
19.2666666666667,3788.02518664627,16.8753932855156,713
19.7041666666667,3788.02518664627,17.0715923507754,714
20.1416666666667,3788.02518664627,17.2981951148787,715
20.5791666666667,3788.02518664627,17.5487343640731,716
21.0166666666667,3788.02518664627,17.81843453055,717
21.4541666666667,3788.02518664627,18.0983211529235,718
21.8916666666667,3788.02518664627,18.3790535550697,719
22.3291666666667,3788.02518664627,18.6557715042057,720
5.26666666666667,4009.6808836666,17.6124275427144,721
5.70416666666667,4009.6808836666,17.511095819554,722
6.14166666666667,4009.6808836666,17.4149448227507,723
6.57916666666667,4009.6808836666,17.334008015537,724
7.01666666666667,4009.6808836666,17.2828126257656,725
7.45416666666667,4009.6808836666,17.2758256532023,726
7.89166666666667,4009.6808836666,17.3140439845425,727
8.32916666666667,4009.6808836666,17.3750194850056,728
8.76666666666667,4009.6808836666,17.4281109918664,729
9.20416666666667,4009.6808836666,17.4518958370914,730
9.64166666666667,4009.6808836666,17.4329497719242,731
10.0791666666667,4009.6808836666,17.3703523457012,732
10.5166666666667,4009.6808836666,17.2737593603235,733
10.9541666666667,4009.6808836666,17.1592521016527,734
11.3916666666667,4009.6808836666,17.0455337053094,735
11.8291666666667,4009.6808836666,16.9509692712187,736
12.2666666666667,4009.6808836666,16.8887606769504,737
12.7041666666667,4009.6808836666,16.8647527372632,738
13.1416666666667,4009.6808836666,16.88023588961,739
13.5791666666667,4009.6808836666,16.9265582632013,740
14.0166666666667,4009.6808836666,16.9862013031784,741
14.4541666666667,4009.6808836666,17.0459552459868,742
14.8916666666667,4009.6808836666,17.0962776181032,743
15.3291666666667,4009.6808836666,17.1330097143061,744
15.7666666666667,4009.6808836666,17.1577079838698,745
16.2041666666667,4009.6808836666,17.1788888501747,746
16.6416666666667,4009.6808836666,17.2088917619981,747
17.0791666666667,4009.6808836666,17.2526694772495,748
17.5166666666667,4009.6808836666,17.3066230425408,749
17.9541666666667,4009.6808836666,17.3674928412826,750
18.3916666666667,4009.6808836666,17.4314910077477,751
18.8291666666667,4009.6808836666,17.5045744158044,752
19.2666666666667,4009.6808836666,17.5987959146514,753
19.7041666666667,4009.6808836666,17.7244240551611,754
20.1416666666667,4009.6808836666,17.8844782916241,755
20.5791666666667,4009.6808836666,18.0752772700361,756
21.0166666666667,4009.6808836666,18.2901665381271,757
21.4541666666667,4009.6808836666,18.5211944167741,758
21.8916666666667,4009.6808836666,18.7606028750014,759
22.3291666666667,4009.6808836666,19.0026847018269,760
5.26666666666667,4231.33658068693,17.8185452509791,761
5.70416666666667,4231.33658068693,17.7451118120347,762
6.14166666666667,4231.33658068693,17.6835396441793,763
6.57916666666667,4231.33658068693,17.6410194680604,764
7.01666666666667,4231.33658068693,17.6237717968072,765
7.45416666666667,4231.33658068693,17.6338632700475,766
7.89166666666667,4231.33658068693,17.6630659989166,767
8.32916666666667,4231.33658068693,17.6901110813025,768
8.76666666666667,4231.33658068693,17.6987716217501,769
9.20416666666667,4231.33658068693,17.6850819451785,770
9.64166666666667,4231.33658068693,17.6453478818794,771
10.0791666666667,4231.33658068693,17.5801610800718,772
10.5166666666667,4231.33658068693,17.496401096907,773
10.9541666666667,4231.33658068693,17.4057747407978,774
11.3916666666667,4231.33658068693,17.3233665614512,775
11.8291666666667,4231.33658068693,17.2656359277997,776
12.2666666666667,4231.33658068693,17.2403774699747,777
12.7041666666667,4231.33658068693,17.2502611507151,778
13.1416666666667,4231.33658068693,17.2957807345635,779
13.5791666666667,4231.33658068693,17.3726068998097,780
14.0166666666667,4231.33658068693,17.4704711324434,781
14.4541666666667,4231.33658068693,17.5764941163076,782
14.8916666666667,4231.33658068693,17.6782469819485,783
15.3291666666667,4231.33658068693,17.7678883749461,784
15.7666666666667,4231.33658068693,17.8433981236847,785
16.2041666666667,4231.33658068693,17.9076182211604,786
16.6416666666667,4231.33658068693,17.9641443820641,787
17.0791666666667,4231.33658068693,18.0145380340018,788
17.5166666666667,4231.33658068693,18.0579947107517,789
17.9541666666667,4231.33658068693,18.0938440113837,790
18.3916666666667,4231.33658068693,18.126454142073,791
18.8291666666667,4231.33658068693,18.1665441465234,792
19.2666666666667,4231.33658068693,18.2267753063935,793
19.7041666666667,4231.33658068693,18.3146986226125,794
20.1416666666667,4231.33658068693,18.4378252433571,795
20.5791666666667,4231.33658068693,18.5915762525433,796
21.0166666666667,4231.33658068693,18.7680123777123,797
21.4541666666667,4231.33658068693,18.9610730866887,798
21.8916666666667,4231.33658068693,19.1652583301254,799
22.3291666666667,4231.33658068693,19.3758569373099,800
