id,tt,seg_dist,speed,lat,lng,latr,lngr
36,18.6,891.634414014989,18.9874779097061,-36.8061790466309,174.759231567383,-36.8060619329255,174.758986671965
559,7.3,1585.51361157094,18.9850199457836,-36.811466217041,174.754806518555,-36.8114455006925,174.754941491406
760,9.2,550.88944635272,18.9739301189326,-36.8035545349121,174.7607421875,-36.8032386251915,174.760517880056
51,22.0333333333333,3190.89931714347,18.9680235266019,-36.8242683410645,174.749938964844,-36.824890070666,174.749645243482
435,8.53333333333333,3761.28404786936,18.9678560790127,-36.8288993835449,174.746917724609,-36.8281518568702,174.747478355782
265,16.5833333333333,217.696804847292,18.958191750168,-36.8007164001465,174.761978149414,-36.8012143064519,174.761528866565
273,16.75,994.451128517727,18.9488665205812,-36.8070640563965,174.758499145508,-36.8068819323981,174.757854701423
104,10.4166666666667,1354.47959240877,18.9488665205811,-36.8095664978027,174.755950927734,-36.809943884329,174.755665490371
544,6.01666666666667,4304.67620671268,18.9453528437893,-36.8332366943359,174.744018554688,-36.8331999693704,174.743883017911
65,9.33333333333333,2199.27079114523,18.9393428818542,-36.8156814575195,174.751129150391,-36.8159110572528,174.751089046361
571,7.71666666666667,3709.18677294813,18.9147793857305,-36.8284873962402,174.747146606445,-36.8267746784333,174.747893992139
30,18.05,1366.32136175764,18.8995729193834,-36.8095664978027,174.755950927734,-36.809237969077,174.755635015323
443,8.56666666666667,3761.28404786936,18.8991319627844,-36.8288993835449,174.746917724609,-36.8293034530165,174.747457602838
83,9.73333333333333,3823.65118334655,18.8991319627843,-36.829402923584,174.746551513672,-36.8292599180484,174.746161885475
705,8.4,1367.55544587831,18.8918576407686,-36.8095664978027,174.755950927734,-36.810505380346,174.755734117221
617,8.41666666666667,1442.54431115261,18.8871129934817,-36.810302734375,174.755462646484,-36.8106177108645,174.755525621884
568,7.68333333333333,2023.16247253043,18.886004366381,-36.8143157958984,174.752090454102,-36.8149701046194,174.751873906286
679,9.48333333333333,3102.78139815377,18.8758067846591,-36.8235321044922,174.750335693359,-36.8247807486636,174.750756861726
696,7.73333333333333,952.287696615807,18.8758067846591,-36.8066368103027,174.758865356445,-36.807172251598,174.757779373185
451,8.81666666666667,2820.1072761227,18.8742646838859,-36.8211669921875,174.750152587891,-36.8217558251244,174.74902678009
758,8.53333333333333,1854.33131243731,18.872539188008,-36.8136253356934,174.753768920898,-36.8144683028493,174.754081831743
102,10.3,1751.36136362724,18.8458949713399,-36.8128509521484,174.754486083984,-36.8131000701783,174.754822752551
483,7.71666666666667,3100.61922247724,18.845239198727,-36.8235321044922,174.750335693359,-36.8243097805727,174.750356073383
285,17.1,1354.47959240877,18.838167020969,-36.8095664978027,174.755950927734,-36.8102114165649,174.75576954531
741,8.11666666666667,51.4197350947543,18.8249013667932,-36.7992324829102,174.762237548828,-36.7997971057862,174.76237553182
306,17.7,50.4394869766475,18.8235354349333,-36.7992324829102,174.762237548828,-36.7992520916611,174.762802761918
350,18.9166666666667,4333.92774634173,18.8235354349332,-36.8334503173828,174.743896484375,-36.8332863252622,174.743053799607
694,7.6,2212.9219354484,18.7859219904465,-36.8156814575195,174.751129150391,-36.8160567008714,174.751154405556
729,7.81666666666667,102.646312207604,18.7850939960122,-36.799732208252,174.762222290039,-36.7988861649658,174.762531024031
81,9.7,1354.47959240877,18.7731377496991,-36.8095664978027,174.755950927734,-36.8089560470689,174.755268625382
146,11.7333333333333,1354.47959240877,18.7731377496991,-36.8095664978027,174.755950927734,-36.8098932220319,174.756705422823
445,8.61666666666667,1354.47959240877,18.7731377496991,-36.8095664978027,174.755950927734,-36.8095317180746,174.755848539017
457,8.93333333333333,1354.47959240877,18.7731377496991,-36.8095664978027,174.755950927734,-36.8094789272532,174.755783608503
653,8.86666666666667,1888.91758382473,18.7722717539231,-36.8137397766113,174.753479003906,-36.8130107448967,174.753652930261
408,7.55,183.67836731428,18.7416391964278,-36.8003997802734,174.76203918457,-36.8008788400606,174.762183644967
300,17.55,3761.28404786936,18.7303897131167,-36.8288993835449,174.746917724609,-36.8277632760966,174.747072089197
53,6.78333333333333,2216.80214312989,18.7297564608056,-36.8156814575195,174.751129150391,-36.8157189046383,174.751427160971
656,6.58333333333333,2427.92120207098,18.7222218688835,-36.8174057006836,174.750686645508,-36.8169602715005,174.75126581879
629,7.13333333333333,3091.24760262391,18.7210685463394,-36.8235321044922,174.750335693359,-36.8236689174349,174.751031878629
738,7.38333333333333,3089.87647132873,18.7105139452936,-36.8235321044922,174.750335693359,-36.8232520361184,174.751018871466
746,8.15,3089.87647132873,18.7105139452936,-36.8235321044922,174.750335693359,-36.8237572279498,174.749228522739
723,7.33333333333333,3083.01577551143,18.6956411674598,-36.8235321044922,174.750335693359,-36.8235595953326,174.749860596703
158,12.75,217.696804847292,18.6924227069414,-36.8007164001465,174.761978149414,-36.801556292285,174.762101995846
204,14.75,217.696804847292,18.6924227069414,-36.8007164001465,174.761978149414,-36.800078711127,174.762503147038
3,12.0333333333333,3101.89551444172,18.6798104435767,-36.8235321044922,174.750335693359,-36.824398904395,174.7503034787
692,7.53333333333333,3102.78139815377,18.67606279752,-36.8235321044922,174.750335693359,-36.8229495196892,174.749489275862
714,8.38333333333333,3102.78139815377,18.67606279752,-36.8235321044922,174.750335693359,-36.823349605426,174.750544916943
644,7.45,1840.18263730101,18.6748205672472,-36.8135452270508,174.75390625,-36.8133226675774,174.754700090476
468,9.15,1890.26998355371,18.6686547437261,-36.8138008117676,174.753448486328,-36.8131894568438,174.753523286426
657,6.6,3120.64341121967,18.6650150798396,-36.8235321044922,174.750335693359,-36.8241804451152,174.750030940027
96,10.0166666666667,3089.41990659238,18.6628928132495,-36.8235321044922,174.750335693359,-36.8231922497261,174.750474280172
164,12.9166666666667,3089.41990659238,18.6628928132495,-36.8235321044922,174.750335693359,-36.8225491279534,174.751028306097
353,20.7333333333333,3089.41990659238,18.6628928132495,-36.8235321044922,174.750335693359,-36.8242866422513,174.750561809961
382,6.88333333333333,3089.41990659238,18.6628928132495,-36.8235321044922,174.750335693359,-36.824382403028,174.749975642018
390,7.13333333333333,3089.41990659238,18.6628928132495,-36.8235321044922,174.750335693359,-36.82290909529,174.750941044398
392,7.16666666666667,3089.41990659238,18.6628928132495,-36.8235321044922,174.750335693359,-36.8238135738285,174.75044234804
434,8.51666666666667,3089.41990659238,18.6628928132495,-36.8235321044922,174.750335693359,-36.8230722142631,174.750937509754
693,7.55,4348.58464594128,18.6583435728543,-36.8334503173828,174.743896484375,-36.833958407946,174.74375142051
704,8.31666666666667,4348.58464594128,18.6583435728543,-36.8334503173828,174.743896484375,-36.8332080902776,174.743373845534
352,19.7833333333333,4333.92774634173,18.6552721955226,-36.8334503173828,174.743896484375,-36.8333386766107,174.743951991996
391,7.15,4333.92774634173,18.6552721955226,-36.8334503173828,174.743896484375,-36.833652104811,174.744381215124
29,17.6166666666667,4347.94875226618,18.6484158041757,-36.8334503173828,174.743896484375,-36.834008735452,174.743761006053
223,15.45,521.02787284998,18.6447205709777,-36.8032836914062,174.760848999023,-36.803132634126,174.761205088335
734,8.15,1486.77974600901,18.6438526877715,-36.8106384277344,174.755142211914,-36.8094897995188,174.755180182737
509,7.13333333333333,3089.37917106298,18.6406851876077,-36.8235321044922,174.750335693359,-36.8242056142698,174.749751164867
654,8.9,3090.3429760758,18.639728772383,-36.8235321044922,174.750335693359,-36.8230760664893,174.749819668091
676,8.36666666666667,3130.74831363337,18.615578315821,-36.8235321044922,174.750335693359,-36.8232112791661,174.749870185798
191,14.2833333333333,2820.1072761227,18.6115364763941,-36.8211669921875,174.750152587891,-36.8203152623906,174.750132573368
643,8.66666666666667,3091.24760262391,18.6072312030505,-36.8235321044922,174.750335693359,-36.8233452263114,174.749791692935
507,7.11666666666667,2201.04356712239,18.5917915871157,-36.8156814575195,174.751129150391,-36.8149380107115,174.751331627643
580,9.25,1585.51361157094,18.5886624997697,-36.811466217041,174.754806518555,-36.8110205998258,174.754934247861
748,8.55,3089.87647132873,18.5870867883563,-36.8235321044922,174.750335693359,-36.8243616490757,174.750536200724
728,7.78333333333333,3756.49618247957,18.5863099325624,-36.8288993835449,174.746917724609,-36.8284339689837,174.746056266299
370,6.35,1853.41667622628,18.5774446102263,-36.8136215209961,174.753799438477,-36.8144701459343,174.753761744565
545,6.25,1355.92732385449,18.5770154681281,-36.8095664978027,174.755950927734,-36.8097795493276,174.756624557933
186,13.9333333333333,3089.41990659238,18.574743876856,-36.8235321044922,174.750335693359,-36.8241406853463,174.750403952159
91,9.91666666666667,815.854331469416,18.5732848599777,-36.8056983947754,174.759536743164,-36.8058281409959,174.759045482035
339,18.6666666666667,815.854331469416,18.5732848599777,-36.8056983947754,174.759536743164,-36.8049283558101,174.760075540535
423,8.11666666666667,1859.08641581511,18.5732848599777,-36.8136215209961,174.753753662109,-36.8139123524503,174.753774240171
582,9.28333333333333,3759.40877338611,18.5728826504489,-36.8288993835449,174.746917724609,-36.8285758706771,174.74642431354
234,15.4833333333333,3761.28404786936,18.5638247827995,-36.8288993835449,174.746917724609,-36.8283465953985,174.746834228059
397,7.35,1354.47959240877,18.5356871173462,-36.8095664978027,174.755950927734,-36.8092137541994,174.756035296773
479,7.68333333333333,827.357461458701,18.5203212815076,-36.8056983947754,174.759536743164,-36.8056619540919,174.759832796811
493,8.08333333333333,525.593269920661,18.5191622169579,-36.8032836914062,174.760848999023,-36.8033858878036,174.760669502906
5,12.55,1900.34417796813,18.5137108979087,-36.8137741088867,174.753509521484,-36.8131710444935,174.754377163317
522,8.7,1353.96193859701,18.5060206099812,-36.8095664978027,174.755950927734,-36.8096792901828,174.756222696866
739,7.38333333333333,3763.4549733593,18.5022972103059,-36.8288993835449,174.746917724609,-36.8284134579166,174.747243373473
703,8.3,3775.11965886449,18.4988705508642,-36.8288993835449,174.746917724609,-36.8291513628802,174.74676870078
722,7.33333333333333,2195.24614814433,18.4952005701479,-36.8156814575195,174.751129150391,-36.8160198426656,174.750996535988
367,5.78333333333333,2664.18943742973,18.4882812679412,-36.8197822570801,174.750106811523,-36.8193784447704,174.750809321747
721,7.16666666666667,3756.49618247957,18.4805055116939,-36.8288993835449,174.746917724609,-36.829321797959,174.748028089614
369,6.33333333333333,1354.47959240877,18.4791512525003,-36.8095664978027,174.755950927734,-36.8100470657354,174.755567913993
98,10.1833333333333,2664.18943742973,18.4791512525002,-36.8197822570801,174.750106811523,-36.8191557624237,174.750486505528
69,9.45,3761.28404786936,18.4723773700763,-36.8288993835449,174.746917724609,-36.8289769340823,174.747994121987
120,10.95,3761.28404786936,18.4723773700763,-36.8288993835449,174.746917724609,-36.8287147637748,174.747040363442
296,17.4833333333333,781.835893936404,18.4723773700763,-36.8054389953613,174.759719848633,-36.8058722745745,174.759219005938
385,6.95,3761.28404786936,18.4723773700763,-36.8288993835449,174.746917724609,-36.8289148873325,174.747220808389
733,7.88333333333333,3756.49618247957,18.4677579911073,-36.8288993835449,174.746917724609,-36.8291109764981,174.747084045376
411,7.61666666666667,2820.1072761227,18.4544465048365,-36.8211669921875,174.750152587891,-36.8211782239881,174.749588891095
174,13.3,2462.91368202607,18.4266536637148,-36.8179893493652,174.750549316406,-36.8176742994656,174.751138917841
154,12.5666666666667,521.02787284998,18.4266536637148,-36.8032836914062,174.760848999023,-36.8034627358226,174.761406637808
177,13.3833333333333,521.02787284998,18.4266536637148,-36.8032836914062,174.760848999023,-36.8031058648387,174.760381840758
313,17.8666666666667,521.02787284998,18.4266536637148,-36.8032836914062,174.760848999023,-36.8031738326596,174.760991356496
327,18.1666666666667,521.02787284998,18.4266536637148,-36.8032836914062,174.760848999023,-36.8032043551911,174.761442387734
357,22.7333333333333,521.02787284998,18.4266536637148,-36.8032836914062,174.760848999023,-36.8023671109871,174.760643120697
466,9.11666666666667,521.02787284998,18.4266536637148,-36.8032836914062,174.760848999023,-36.8034668176651,174.761229908237
321,17.8833333333333,875.386597152188,18.4266536637147,-36.8061714172363,174.759246826172,-36.8063216078329,174.759707250917
519,8.46666666666667,1353.96193859701,18.4148180114215,-36.8095664978027,174.755950927734,-36.8095116779996,174.756110372607
630,7.13333333333333,2077.79513071983,18.4067222461211,-36.814624786377,174.75163269043,-36.8150809722673,174.751547483671
633,7.83333333333333,521.524810616416,18.406722246121,-36.8032836914062,174.760848999023,-36.8027330580284,174.76078664306
731,7.85,2328.63025471919,18.3996468485912,-36.8168525695801,174.750823974609,-36.8170925587648,174.750236141022
510,7.65,2795.10081310124,18.3923973726089,-36.8209381103516,174.75016784668,-36.8206191870391,174.750084369437
634,7.85,1355.9628857739,18.3910302407962,-36.8095664978027,174.755950927734,-36.8090068289294,174.756107896697
742,8.11666666666667,522.042269264584,18.383692741009,-36.8032836914062,174.760848999023,-36.803691551325,174.761052864689
658,6.61666666666667,4422.96116441921,18.3783443243531,-36.8339233398438,174.743560791016,-36.8346205164656,174.744204844732
135,11.6333333333333,1354.47959240877,18.3777765982938,-36.8095664978027,174.755950927734,-36.8090606695976,174.755432378667
360,5.26666666666667,4452.99227770727,18.3699562678264,-36.8343887329102,174.743255615234,-36.8336447258592,174.743034376551
50,22.0166666666667,1831.11899808899,18.3658640495669,-36.8134078979492,174.754119873047,-36.8131198892808,174.754922475305
75,9.46666666666667,1354.47959240877,18.3650260594883,-36.8095664978027,174.755950927734,-36.8094159587953,174.756295373282
159,12.7666666666667,1354.47959240877,18.3650260594883,-36.8095664978027,174.755950927734,-36.8091468751312,174.756285948578
346,18.8666666666667,1354.47959240877,18.3650260594883,-36.8095664978027,174.755950927734,-36.8105863804675,174.756548133126
570,7.7,3084.99905321902,18.3584623449738,-36.8235321044922,174.750335693359,-36.8231451414674,174.749688093788
128,11.3166666666667,3089.41990659238,18.3557819188543,-36.8235321044922,174.750335693359,-36.8237834387998,174.750091679861
245,15.95,1850.58180643186,18.3520518270195,-36.8136329650879,174.753860473633,-36.8138067413115,174.75388163512
674,8.35,1393.29433749008,18.3457873257365,-36.8095664978027,174.755950927734,-36.8085644958549,174.756528565259
473,9.23333333333333,1354.47959240877,18.3432751403495,-36.8095664978027,174.755950927734,-36.808679887326,174.755979442619
344,18.7166666666667,3761.28404786936,18.3432751403495,-36.8288993835449,174.746917724609,-36.8294882665076,174.747154705692
672,8.11666666666667,4437.97559092213,18.3200929457284,-36.8339576721191,174.743545532227,-36.8334705155121,174.74363503223
54,6.78333333333333,2834.88410633648,18.3135396505653,-36.8211669921875,174.750152587891,-36.8212932293215,174.749516931689
122,11.0833333333333,1184.38740474371,18.3117265098871,-36.8084373474121,174.757217407227,-36.807780321457,174.757289715779
1,12,1539.38431145548,18.3085900452544,-36.8108787536621,174.754913330078,-36.8114821828731,174.754701838086
181,13.7666666666667,1606.78300411194,18.3041592898819,-36.8116264343262,174.754699707031,-36.8118849661244,174.755299457455
755,7.26666666666667,2123.92365286088,18.3025992581138,-36.815071105957,174.751388549805,-36.8160009603098,174.75187534114
363,5.55,3761.28404786936,18.3023172692227,-36.8288993835449,174.746917724609,-36.8280200463242,174.746118718929
684,9.96666666666667,3775.11965886449,18.3002287164554,-36.8288993835449,174.746917724609,-36.8283556426705,174.746754449818
62,9.28333333333333,3089.41990659238,18.2977959457867,-36.8235321044922,174.750335693359,-36.8236672450507,174.750630204643
753,9.08333333333333,2669.25758141444,18.2877778223603,-36.8197822570801,174.750106811523,-36.8193661010875,174.750134695474
637,7.88333333333333,4419.41893332441,18.2864168719634,-36.8341178894043,174.743438720703,-36.8347967114698,174.743005560989
87,9.88333333333333,1357.31446220319,18.2800224674517,-36.8096580505371,174.756057739258,-36.8094666454632,174.757356470669
649,8.9,2303.97327269754,18.2796883101805,-36.8166084289551,174.750885009766,-36.8167207353617,174.750979666145
566,7.66666666666667,50.1553124671645,18.2780749893307,-36.7992324829102,174.762237548828,-36.799551109604,174.763004608413
614,15.2833333333333,3759.40877338611,18.2780749893307,-36.8288993835449,174.746917724609,-36.8289308363001,174.74772221949
57,6.83333333333333,2681.59977946124,18.2737276078466,-36.8197822570801,174.750106811523,-36.8195694246399,174.74963939806
695,7.6,2682.56998520957,18.2700614323566,-36.8197822570801,174.750106811523,-36.8204995834867,174.750613285172
71,9.46666666666667,2199.27079114523,18.2598966169844,-36.8156814575195,174.751129150391,-36.8155687556013,174.751302103504
160,12.7833333333333,2199.27079114523,18.2598966169844,-36.8156814575195,174.751129150391,-36.8151185322958,174.750449823464
675,8.35,2237.20055447396,18.2505669762951,-36.8156814575195,174.751129150391,-36.8152909477515,174.750329419482
575,8.23333333333333,2665.28662098738,18.2483666187669,-36.8197822570801,174.750106811523,-36.8203060623636,174.75055380025
447,8.66666666666667,1561.42508740126,18.2417708510354,-36.8111419677734,174.754669189453,-36.8121564151094,174.753991354862
710,8.35,537.019947353303,18.2297598262558,-36.8032836914062,174.760848999023,-36.8032129150344,174.759820242692
565,7.53333333333333,3084.99905321902,18.2272897342454,-36.8235321044922,174.750335693359,-36.8236583698233,174.749767258283
579,8.6,3084.99905321902,18.2272897342454,-36.8235321044922,174.750335693359,-36.8241029595906,174.749689437049
584,9.45,3084.99905321902,18.2272897342454,-36.8235321044922,174.750335693359,-36.8240640382783,174.750350715579
7,13.0333333333333,1870.67624373421,18.2171525997728,-36.8136405944824,174.753799438477,-36.8138580433797,174.754849173828
319,17.9333333333333,3860.50449067398,18.2085867564518,-36.8296775817871,174.746368408203,-36.8294186772216,174.747053156437
754,9.08333333333333,3089.87647132873,18.2048243792046,-36.8235321044922,174.750335693359,-36.8242820866214,174.750351181171
725,7.6,3083.01577551143,18.2021731613012,-36.8235321044922,174.750335693359,-36.8238393224674,174.751110657912
673,8.33333333333333,491.472987968082,18.2018987976917,-36.8027000427246,174.761138916016,-36.8022227150567,174.760752254981
678,8.35,2857.71983166799,18.2018987976917,-36.8211669921875,174.750152587891,-36.8206910820479,174.749891939029
474,9.25,2601.82230195254,18.1904145141799,-36.819221496582,174.750244140625,-36.8194654778655,174.750073903743
499,8.3,3094.74575065439,18.1835208031687,-36.8235321044922,174.750335693359,-36.8234233032078,174.750229698555
156,12.6,3233.99826610768,18.1822683366098,-36.8247184753418,174.749649047852,-36.8248989495604,174.749443059932
188,14.0833333333333,3089.41990659238,18.176518093619,-36.8235321044922,174.750335693359,-36.8236464396297,174.750743991861
681,9.76666666666667,3102.78139815377,18.171304343533,-36.8235321044922,174.750335693359,-36.8231474020465,174.750476961888
471,9.28333333333333,3089.41990659238,18.1663084785131,-36.8235321044922,174.750335693359,-36.8245823875039,174.750160473766
529,7.76666666666667,3102.42085198259,18.1659023795729,-36.8235321044922,174.750335693359,-36.8237411770524,174.749522137581
660,8.58333333333333,3120.64341121967,18.1605552128169,-36.8235321044922,174.750335693359,-36.8239560528743,174.750665961464
713,8.36666666666667,2212.9219354484,18.1603971980687,-36.8156814575195,174.751129150391,-36.8153477096926,174.751390276003
77,9.5,3089.41990659238,18.1584903047833,-36.8235321044922,174.750335693359,-36.8238327494833,174.749401386044
85,9.85,3089.41990659238,18.1584903047833,-36.8235321044922,174.750335693359,-36.8231609484689,174.750588585135
359,22.7666666666667,3089.41990659238,18.1584903047833,-36.8235321044922,174.750335693359,-36.823017232443,174.750554126182
362,5.55,3089.41990659238,18.1584903047833,-36.8235321044922,174.750335693359,-36.8235980860373,174.750202769904
368,5.78333333333333,3089.41990659238,18.1584903047833,-36.8235321044922,174.750335693359,-36.8230514994704,174.75011403978
404,7.35,3089.41990659238,18.1584903047833,-36.8235321044922,174.750335693359,-36.8245340730349,174.750036057803
406,7.55,3089.41990659238,18.1584903047833,-36.8235321044922,174.750335693359,-36.8232306405806,174.749732616128
416,7.71666666666667,3089.41990659238,18.1584903047833,-36.8235321044922,174.750335693359,-36.8246587055041,174.749944382195
421,8,3089.41990659238,18.1584903047833,-36.8235321044922,174.750335693359,-36.8249010326852,174.749562871124
449,8.68333333333333,3089.41990659238,18.1584903047833,-36.8235321044922,174.750335693359,-36.8240114715383,174.748940673421
454,8.81666666666667,3089.41990659238,18.1584903047833,-36.8235321044922,174.750335693359,-36.8231849890189,174.750350742072
456,8.85,3089.41990659238,18.1584903047833,-36.8235321044922,174.750335693359,-36.8242865547753,174.750209402688
460,8.95,3089.41990659238,18.1584903047833,-36.8235321044922,174.750335693359,-36.8237961869116,174.751240760624
476,9.25,3089.41990659238,18.1584903047833,-36.8235321044922,174.750335693359,-36.8233597704831,174.751065058598
371,6.35,2726.55657290692,18.143166684273,-36.8203163146973,174.750122070312,-36.8204331858918,174.749783608481
541,10.55,2832.13461165255,18.14196925836,-36.8211669921875,174.750152587891,-36.820483097009,174.749724531443
730,7.83333333333333,1349.02239003826,18.1408863829803,-36.8095664978027,174.755950927734,-36.8097187615252,174.755161898925
666,7.73333333333333,2237.20055447396,18.1382557949026,-36.8156814575195,174.751129150391,-36.8153430385073,174.751324891541
650,7.51666666666667,3090.3429760758,18.1359523190753,-36.8235321044922,174.750335693359,-36.8243853242281,174.749768095179
557,7.23333333333333,2819.53990804688,18.1357223803796,-36.8211669921875,174.750152587891,-36.8205930365587,174.750416741575
689,7.33333333333333,2667.73899416448,18.1267668328871,-36.8196907043457,174.750137329102,-36.8197424418791,174.750103305708
140,11.6,217.696804847292,18.1259856552159,-36.8007164001465,174.761978149414,-36.8004998620053,174.760972945522
671,8.08333333333333,3130.74831363337,18.1124545775556,-36.8235321044922,174.750335693359,-36.8228990218373,174.750759152371
597,12.75,1818.68718503296,18.1072518585894,-36.8134498596191,174.754104614258,-36.8135168941168,174.754484590664
563,7.43333333333333,3379.15648435573,18.1072518585893,-36.8258666992188,174.748870849609,-36.8259783707496,174.748770318005
538,7.7,2202.41412033353,18.1043316489602,-36.8156814575195,174.751129150391,-36.8150186833099,174.751651455901
740,7.68333333333333,3528.14370627438,18.1008666988396,-36.8270263671875,174.748107910156,-36.8268351130295,174.747127954229
345,18.85,50.4394869766475,18.0995533028205,-36.7992324829102,174.762237548828,-36.7982097674133,174.762252437947
393,7.15,50.4394869766475,18.0995533028205,-36.7992324829102,174.762237548828,-36.7995235045908,174.761402262704
253,16.0666666666667,3826.48605314097,18.095918854366,-36.8293800354004,174.746490478516,-36.8290922414277,174.747093603343
621,7.9,1888.65602954888,18.0782027272609,-36.8137741088867,174.753448486328,-36.8137929218552,174.753704742955
9,14,1366.32136175764,18.0735691310063,-36.8095664978027,174.755950927734,-36.8094922694262,174.755645634161
134,11.4833333333333,4333.92774634173,18.0722949394125,-36.8334503173828,174.743896484375,-36.8332450142736,174.744149577498
469,9.15,2655.68482804648,18.0722949394125,-36.8196983337402,174.750137329102,-36.8200888892031,174.750061190153
488,7.4,191.674504475912,18.0671239971337,-36.8003997802734,174.76203918457,-36.8006986643972,174.761573196745
20,15.1,4347.94875226618,18.0670112321923,-36.8334503173828,174.743896484375,-36.8321673428628,174.743998718148
59,6.96666666666667,65.8769111709989,18.0670112321922,-36.7992324829102,174.762237548828,-36.7985271232124,174.762410871262
686,7.06666666666667,1896.52745981983,18.0633865292756,-36.8137588500977,174.753524780273,-36.8132495153278,174.754674355075
759,8.91666666666667,3172.61312386632,18.060419594507,-36.8242530822754,174.749938964844,-36.8243413351774,174.749680490791
169,13.05,1354.47959240877,18.0486710244591,-36.8095664978027,174.755950927734,-36.8106305146951,174.755379744197
620,7.86666666666667,330.475649594338,18.0424926971825,-36.8016777038574,174.761566162109,-36.8013423204293,174.762161084242
558,7.25,3145.98291089371,18.0419371321293,-36.8240089416504,174.750076293945,-36.8231212230483,174.749656115471
383,6.91666666666667,1388.49802994178,18.0171724711877,-36.8098983764648,174.755828857422,-36.8104085482704,174.755583930862
280,16.9333333333333,509.68839367231,18.0097610468886,-36.8032035827637,174.760925292969,-36.8033410724262,174.759565298442
307,17.7333333333333,1887.43511375929,18.0014231945521,-36.8138008117676,174.753494262695,-36.8136573636366,174.753515828497
446,8.65,3347.39305788438,17.9952604341295,-36.8255996704102,174.749053955078,-36.8266499410814,174.749190564839
464,8.96666666666667,107.136882865001,17.9952604341295,-36.7997360229492,174.762222290039,-36.7996004184414,174.762964861683
651,8.63333333333333,108.879293633332,17.9943020796657,-36.799732208252,174.762222290039,-36.8001188658315,174.762291475443
110,10.65,3761.28404786936,17.9867600749258,-36.8288993835449,174.746917724609,-36.8293716778449,174.747002615811
615,7.98333333333333,1069.71940614518,17.9850657541481,-36.8076248168945,174.75798034668,-36.8072780953091,174.75801743961
56,6.81666666666667,1890.45486655682,17.9805662023733,-36.8137435913086,174.753601074219,-36.8130296445769,174.753828891175
149,12.2666666666667,1354.47959240877,17.97428082418,-36.8095664978027,174.755950927734,-36.8097943488744,174.756800279738
152,12.3833333333333,1354.47959240877,17.97428082418,-36.8095664978027,174.755950927734,-36.8090770068404,174.756123294973
155,12.5833333333333,1354.47959240877,17.97428082418,-36.8095664978027,174.755950927734,-36.8099476609482,174.756240776174
214,15.25,1354.47959240877,17.97428082418,-36.8095664978027,174.755950927734,-36.8097141166207,174.756041678144
281,16.95,1354.47959240877,17.97428082418,-36.8095664978027,174.755950927734,-36.809583971878,174.755353057886
358,22.7333333333333,1354.47959240877,17.97428082418,-36.8095664978027,174.755950927734,-36.8104618164143,174.756542621443
364,5.48333333333333,1354.47959240877,17.97428082418,-36.8095664978027,174.755950927734,-36.8091828968493,174.755869822215
659,8.56666666666667,1880.67065684351,17.97061962864,-36.8135833740234,174.753860473633,-36.813409592536,174.75359127339
718,7.11666666666667,102.646312207604,17.9683507787943,-36.799732208252,174.762222290039,-36.8005257618878,174.76231016174
627,7.08333333333333,108.636766507347,17.9656025408763,-36.799732208252,174.762222290039,-36.8000491784472,174.76157696455
161,12.7833333333333,2820.1072761227,17.9541753646452,-36.8211669921875,174.750152587891,-36.8218239412903,174.749739484674
403,7.35,2820.1072761227,17.9541753646452,-36.8211669921875,174.750152587891,-36.8206321669604,174.750169915966
448,8.68333333333333,2820.1072761227,17.9541753646452,-36.8211669921875,174.750152587891,-36.821829541611,174.750326771074
475,9.25,2820.1072761227,17.9541753646452,-36.8211669921875,174.750152587891,-36.8206428858129,174.748984844827
441,8.55,2658.51969784089,17.9541753646452,-36.8197174072266,174.750137329102,-36.8194198524807,174.750445132785
113,10.8,815.854331469416,17.9541753646451,-36.8056983947754,174.759536743164,-36.8066071689575,174.759781744681
167,13.1166666666667,3089.41990659238,17.9369943355881,-36.8235321044922,174.750335693359,-36.8231956912239,174.750843198643
546,6.26666666666667,1876.08375696208,17.936428727848,-36.8137664794922,174.753601074219,-36.814173375955,174.753876767833
10,14.0333333333333,3774.36869041048,17.9243769329909,-36.8288993835449,174.746917724609,-36.8289655392083,174.747236252412
691,7.53333333333333,2672.68265784617,17.9207808461498,-36.8197174072266,174.750137329102,-36.8200128972045,174.750529931393
715,8.4,3775.11965886449,17.9207808461497,-36.8288993835449,174.746917724609,-36.8280093860535,174.746768511999
132,11.4666666666667,2542.29003626977,17.9163771007195,-36.8187065124512,174.750381469727,-36.8189541967548,174.749703199797
200,14.45,1884.60024396487,17.9112227920024,-36.8137626647949,174.753494262695,-36.8140072018067,174.753943887832
162,12.8,3089.41990659238,17.9112227920024,-36.8235321044922,174.750335693359,-36.8240457911996,174.750749111653
623,8.4,1353.13949098357,17.9067292596582,-36.8095664978027,174.755950927734,-36.8084732373573,174.756084041933
632,7.48333333333333,2822.72600750402,17.9014396746588,-36.8211669921875,174.750152587891,-36.8200974971996,174.749838042158
642,8.66666666666667,2822.72600750402,17.9014396746588,-36.8211669921875,174.750152587891,-36.8212610038091,174.750923056882
78,9.5,3761.28404786936,17.8951155772614,-36.8288993835449,174.746917724609,-36.8291745058592,174.747289437303
157,12.6166666666667,3761.28404786936,17.8951155772614,-36.8288993835449,174.746917724609,-36.8288521506147,174.747541850218
279,16.8,3761.28404786936,17.8951155772614,-36.8288993835449,174.746917724609,-36.8295195845248,174.747313791024
372,6.36666666666667,3761.28404786936,17.8951155772614,-36.8288993835449,174.746917724609,-36.8281118107547,174.746892250573
400,7.4,3761.28404786936,17.8951155772614,-36.8288993835449,174.746917724609,-36.8283179942312,174.746873052009
422,8,3761.28404786936,17.8951155772614,-36.8288993835449,174.746917724609,-36.8284195540517,174.746420539775
495,8.11666666666667,2826.32683475683,17.8945943931702,-36.8211669921875,174.750152587891,-36.8211142082286,174.749787350253
641,8.65,1820.82285151908,17.8911277854454,-36.8134117126465,174.754119873047,-36.8135026816717,174.754038010751
412,7.68333333333333,1626.62709267287,17.8890059440838,-36.8118095397949,174.754699707031,-36.8110844817725,174.755726007604
126,11.3,2199.27079114523,17.8814863955576,-36.8156814575195,174.751129150391,-36.8154434458117,174.750873772176
211,14.95,2199.27079114523,17.8814863955576,-36.8156814575195,174.751129150391,-36.8160067870456,174.750820134595
619,8.43333333333333,2657.57799437825,17.8812904080302,-36.8197364807129,174.750137329102,-36.820002230058,174.749699293302
496,8.11666666666667,3094.74575065439,17.8655447269475,-36.8235321044922,174.750335693359,-36.8233073313827,174.750422399885
505,8.68333333333333,3767.53602037163,17.8655447269475,-36.8288993835449,174.746917724609,-36.8289907142031,174.746906012518
484,7.73333333333333,3816.73831202887,17.8626854670605,-36.8292350769043,174.746658325195,-36.8291431234399,174.746508034471
530,8.16666666666667,1867.25745057669,17.8622635591352,-36.8136177062988,174.753799438477,-36.8135313505925,174.753361113111
467,9.13333333333333,1354.47959240877,17.8596797048313,-36.8095664978027,174.755950927734,-36.8090031515649,174.756045671642
462,8.93333333333333,2715.21709372925,17.819181564911,-36.8202209472656,174.750106811523,-36.8194617565397,174.750215555867
165,13.0666666666667,75.9533151264077,17.8029823089429,-36.799446105957,174.762268066406,-36.7994462260366,174.761484531993
8,13.05,2834.88410633648,17.8007605403492,-36.8211669921875,174.750152587891,-36.8209971065525,174.750584263501
680,9.76666666666667,2835.82355934216,17.7971892541073,-36.8211669921875,174.750152587891,-36.8213604391202,174.749954012557
708,8.43333333333333,2835.82355934216,17.7971892541073,-36.8211669921875,174.750152587891,-36.8209942287523,174.750793759308
652,8.68333333333333,3263.12321643298,17.7946426945932,-36.8249168395996,174.74951171875,-36.825106111367,174.748687062551
524,8.81666666666667,2822.60346337803,17.7850471789963,-36.8211669921875,174.750152587891,-36.8220630959661,174.750429249843
726,7.76666666666667,2816.24756236171,17.7845475433146,-36.8211669921875,174.750152587891,-36.8214629548942,174.749069682234
73,9.48333333333333,3089.41990659238,17.7651840450172,-36.8235321044922,174.750335693359,-36.8231664819171,174.750332644441
326,18.1666666666667,183.67836731428,17.7552371334579,-36.8003997802734,174.76203918457,-36.8006412466329,174.762001229339
588,10.8,3084.99905321902,17.7476242149232,-36.8235321044922,174.750335693359,-36.8233979348667,174.750277613305
66,9.35,3089.41990659238,17.7407980682911,-36.8235321044922,174.750335693359,-36.8240362373158,174.749871921978
624,8.41666666666667,2821.49129027555,17.735386438507,-36.8211669921875,174.750152587891,-36.8211634503559,174.750218146225
562,7.41666666666667,2198.93947406334,17.7314409709581,-36.8156814575195,174.751129150391,-36.8151042057376,174.750786459116
625,8.43333333333333,3087.52208685315,17.72932513077,-36.8235321044922,174.750335693359,-36.8229881428621,174.750820690433
720,7.15,3083.01577551143,17.7231686044248,-36.8235321044922,174.750335693359,-36.8238301633198,174.750778824916
490,7.45,3098.93915255126,17.7230987434441,-36.8235321044922,174.750335693359,-36.8241713818873,174.75047923977
127,11.3,2664.18943742973,17.7179362151104,-36.8197822570801,174.750106811523,-36.8199232285883,174.749707779452
137,11.65,2664.18943742973,17.7179362151104,-36.8197822570801,174.750106811523,-36.8192851875335,174.75031225452
185,13.9333333333333,2664.18943742973,17.7179362151104,-36.8197822570801,174.750106811523,-36.8195663680065,174.751291296759
415,7.71666666666667,2664.18943742973,17.7179362151104,-36.8197822570801,174.750106811523,-36.8189855777966,174.751080583346
472,9.28333333333333,3979.56902203952,17.7179362151103,-36.8306312561035,174.745742797852,-36.8303391516461,174.745576523811
528,7.75,2530.66676864629,17.7148773013942,-36.818489074707,174.750427246094,-36.8181919138721,174.750226925051
361,5.51666666666667,1354.47959240877,17.6987816894724,-36.8095664978027,174.755950927734,-36.8101084460268,174.755453918895
683,9.96666666666667,3102.78139815377,17.6931121239663,-36.8235321044922,174.750335693359,-36.8228920668798,174.750241133229
394,7.16666666666667,1456.53490500781,17.6841877651768,-36.8103828430176,174.755386352539,-36.8107668131557,174.754905928153
79,9.6,3089.41990659238,17.6806352967627,-36.8235321044922,174.750335693359,-36.823818487745,174.750291105895
84,9.7,3089.41990659238,17.6806352967627,-36.8235321044922,174.750335693359,-36.8228817902521,174.750827245267
119,10.95,3089.41990659238,17.6806352967627,-36.8235321044922,174.750335693359,-36.8236919926953,174.751813665937
355,21.2833333333333,3089.41990659238,17.6806352967627,-36.8235321044922,174.750335693359,-36.8225754484056,174.750369762336
463,8.93333333333333,3089.41990659238,17.6806352967627,-36.8235321044922,174.750335693359,-36.8240960009159,174.749542114725
470,9.16666666666667,3089.41990659238,17.6806352967627,-36.8235321044922,174.750335693359,-36.8231867173718,174.750412948537
500,8.51666666666667,1358.73769718709,17.6787968726589,-36.8095664978027,174.755950927734,-36.8096314565243,174.755162935804
489,7.43333333333333,2674.80240017952,17.6723646821556,-36.8197822570801,174.750106811523,-36.8197445154557,174.750342166273
93,9.95,2199.27079114523,17.6634194882947,-36.8156814575195,174.751129150391,-36.8146972191291,174.75186619398
520,8.48333333333333,3089.37917106298,17.6595964935231,-36.8235321044922,174.750335693359,-36.8231548302159,174.74995364636
682,9.95,2732.00662202653,17.6559417203446,-36.8202285766602,174.750106811523,-36.8202565144287,174.750143637079
743,8.13333333333333,1354.45587657747,17.6483450313687,-36.8095664978027,174.755950927734,-36.8098594765103,174.756550284185
508,7.11666666666667,2665.83835680028,17.6475339276123,-36.8197822570801,174.750106811523,-36.8192171277872,174.750146253962
668,7.75,3130.74831363337,17.635811036041,-36.8235321044922,174.750335693359,-36.8230113444266,174.750012072333
697,7.75,1367.55544587831,17.6118018660437,-36.8095664978027,174.755950927734,-36.8092917937058,174.755921347228
70,9.46666666666667,1354.47959240877,17.5998166403429,-36.8095664978027,174.755950927734,-36.8090514711498,174.755267961986
92,9.93333333333333,1354.47959240877,17.5998166403429,-36.8095664978027,174.755950927734,-36.8095167376559,174.756278310816
131,11.45,1354.47959240877,17.5998166403429,-36.8095664978027,174.755950927734,-36.8099547342298,174.756036371855
418,7.81666666666667,1354.47959240877,17.5998166403429,-36.8095664978027,174.755950927734,-36.8099616466416,174.755722197338
539,7.71666666666667,3089.52637113258,17.594190159309,-36.8235321044922,174.750335693359,-36.8237623761802,174.750537343251
90,9.91666666666667,217.696804847292,17.5928684300625,-36.8007164001465,174.761978149414,-36.8010462704001,174.762116122105
366,5.75,217.696804847292,17.5928684300625,-36.8007164001465,174.761978149414,-36.800192291338,174.761283124067
667,7.73333333333333,2708.79520514142,17.5813795204976,-36.8197822570801,174.750106811523,-36.8201337398274,174.749835523327
525,7.51666666666667,1491.90744166889,17.5645920220609,-36.8105545043945,174.755218505859,-36.8110374893384,174.755608279902
333,18.3833333333333,183.67836731428,17.5604434487538,-36.8003997802734,174.76203918457,-36.7999825141378,174.763042330206
494,8.1,1808.42653031416,17.5500052490116,-36.8133010864258,174.754211425781,-36.8128020941142,174.753986988725
577,8.25,3859.85277426206,17.5378414227845,-36.8296813964844,174.746368408203,-36.8293282106408,174.746346418366
564,7.51666666666667,1585.51361157094,17.5264532140685,-36.811466217041,174.754806518555,-36.8111420009838,174.75476315562
578,8.56666666666667,1585.51361157094,17.5264532140685,-36.811466217041,174.754806518555,-36.8111465204598,174.754616708178
745,8.15,2669.25758141444,17.525787079762,-36.8197822570801,174.750106811523,-36.8200080097007,174.750145113861
67,9.43333333333333,2820.1072761227,17.5246496382182,-36.8211669921875,174.750152587891,-36.8220128025622,174.750912021465
465,9,3165.96139104165,17.5094899066973,-36.8241653442383,174.75,-36.8236475918484,174.749154899594
583,9.43333333333333,1585.51361157094,17.5059544383795,-36.811466217041,174.754806518555,-36.8107143870435,174.756123954932
609,15.2333333333333,1585.51361157094,17.5059544383795,-36.811466217041,174.754806518555,-36.8115586275942,174.755075126374
518,8.05,4335.24922860194,17.5016865397807,-36.8334503173828,174.743896484375,-36.8335581287862,174.743101169115
569,7.7,2665.28662098738,17.4880180096516,-36.8197822570801,174.750106811523,-36.8185422914472,174.749757866019
55,6.8,1366.32136175764,17.4711168266394,-36.8095664978027,174.755950927734,-36.8100492513218,174.755850300462
482,7.7,2209.63384361649,17.4703015462892,-36.8156814575195,174.751129150391,-36.8153375002575,174.750911126527
534,9.16666666666667,531.709744462893,17.4581399492,-36.8032836914062,174.760848999023,-36.8023107367255,174.760885404485
585,10.7666666666667,190.059456544379,17.4581239617719,-36.8004570007324,174.76203918457,-36.8000113275555,174.761553709987
431,8.38333333333333,2199.27079114523,17.4539042244538,-36.8156814575195,174.751129150391,-36.8157218607107,174.751550807892
677,8.33333333333333,1881.43616888272,17.4336368354513,-36.813549041748,174.75390625,-36.8136975882718,174.75401427362
688,7.31666666666667,2005.28806081715,17.4329192986139,-36.8141555786133,174.75244140625,-36.8138672444329,174.751843192951
498,8.25,54.9886771132606,17.4297997336074,-36.7992324829102,174.762237548828,-36.7992172195871,174.761252958845
103,10.4,50.4394869766475,17.4291994767901,-36.7992324829102,174.762237548828,-36.7995537519492,174.76187627234
105,10.5833333333333,50.4394869766475,17.4291994767901,-36.7992324829102,174.762237548828,-36.7987520383288,174.762102741535
176,13.3666666666667,50.4394869766475,17.4291994767901,-36.7992324829102,174.762237548828,-36.7988150633301,174.761412911885
235,15.6,50.4394869766475,17.4291994767901,-36.7992324829102,174.762237548828,-36.8004597997534,174.76312062567
381,6.85,50.4394869766475,17.4291994767901,-36.7992324829102,174.762237548828,-36.7990320992364,174.762180619618
455,8.81666666666667,50.4394869766475,17.4291994767901,-36.7992324829102,174.762237548828,-36.7993287223377,174.76150887673
47,18.5833333333333,4347.94875226618,17.3978626680371,-36.8334503173828,174.743896484375,-36.8337008369298,174.743535691119
334,18.4,1496.22308212965,17.3957919202902,-36.8106689453125,174.755111694336,-36.8102855675138,174.755052205441
685,7.05,67.3718975921402,17.3943722133764,-36.7992324829102,174.762237548828,-36.7988509664394,174.762283131127
535,7.68333333333333,521.281645053852,17.3943578588049,-36.8032836914062,174.760848999023,-36.8039614446868,174.760079706808
604,14.3,3759.40877338611,17.3929005845798,-36.8288993835449,174.746917724609,-36.8279749706001,174.748170594873
15,14.55,3774.36869041048,17.3812139956275,-36.8288993835449,174.746917724609,-36.8289074658824,174.747042214433
187,14.0666666666667,1399.83750911945,17.3789843918648,-36.8099708557129,174.755767822266,-36.8097854278063,174.755274353259
37,18.6,1366.32136175764,17.3567506402501,-36.8095664978027,174.755950927734,-36.8097798759156,174.756656188509
145,11.65,3761.28404786936,17.3528393476475,-36.8288993835449,174.746917724609,-36.8296649672077,174.747092328775
147,11.7666666666667,3761.28404786936,17.3528393476475,-36.8288993835449,174.746917724609,-36.8290559504157,174.747291443473
376,6.76666666666667,3761.28404786936,17.3528393476475,-36.8288993835449,174.746917724609,-36.8299168091814,174.746467318295
387,7.1,521.02787284998,17.3427328599668,-36.8032836914062,174.760848999023,-36.8036669727935,174.761587390625
444,8.6,521.02787284998,17.3427328599668,-36.8032836914062,174.760848999023,-36.8035991296019,174.761052097344
532,8.2,3774.55924002679,17.3258813132212,-36.8288993835449,174.746917724609,-36.8287061937902,174.746885206014
229,15.4166666666667,209.192195464038,17.324204299219,-36.8006477355957,174.761993408203,-36.8009724191421,174.762325860517
552,7,3257.18876900636,17.3179311855083,-36.8248977661133,174.749526977539,-36.825093881139,174.749031587211
512,7.98333333333333,520.631635210015,17.3104916448084,-36.8032836914062,174.760848999023,-36.8035009873023,174.760916231136
414,7.7,1499.05795192407,17.3076261132867,-36.8106803894043,174.755111694336,-36.8099790533741,174.754218487756
24,17.55,120.268123933176,17.3062949697842,-36.799732208252,174.762222290039,-36.7994984445235,174.763115057118
314,17.8833333333333,1354.47959240877,17.3024811590319,-36.8095664978027,174.755950927734,-36.8091796056091,174.755816143895
513,8,1353.96193859701,17.2873801739875,-36.8095664978027,174.755950927734,-36.8104740118071,174.756174041439
737,7.38333333333333,2813.38573250395,17.2806711765485,-36.8210716247559,174.75016784668,-36.8211831391824,174.751113377236
124,11.1166666666667,3208.48443795792,17.2749878097326,-36.8244972229004,174.749786376953,-36.8245949281622,174.749864814646
574,8.21666666666667,2198.93947406334,17.2721165527423,-36.8156814575195,174.751129150391,-36.8155868194304,174.751066253514
88,9.9,1887.43511375929,17.2717067104335,-36.8137512207031,174.753463745117,-36.8142537480454,174.753252417079
750,8.5,1666.24330546499,17.2688107296188,-36.8120536804199,174.754623413086,-36.8113534640026,174.754494372073
732,7.86666666666667,3083.01577551143,17.2687283837985,-36.8235321044922,174.750335693359,-36.8242213175168,174.750766939935
453,8.8,2899.48363036639,17.2669342023622,-36.8218574523926,174.750305175781,-36.8218182657015,174.750458752596
136,11.65,1887.43511375929,17.2612071926764,-36.8137359619141,174.753463745117,-36.8145644296167,174.75391201229
504,8.68333333333333,3094.74575065439,17.2510325568524,-36.8235321044922,174.750335693359,-36.8238863871489,174.749951891669
480,7.68333333333333,1364.44677862242,17.2487156121238,-36.8095664978027,174.755950927734,-36.8094495722461,174.75555385091
58,6.83333333333333,3101.89551444172,17.2429019479169,-36.8235321044922,174.750335693359,-36.8231502253785,174.75169985251
107,10.6,1354.47959240877,17.2406367089074,-36.8095664978027,174.755950927734,-36.809557871682,174.755340373336
210,14.9333333333333,1354.47959240877,17.2406367089074,-36.8095664978027,174.755950927734,-36.8087091034795,174.755837718771
340,18.6666666666667,1354.47959240877,17.2406367089074,-36.8095664978027,174.755950927734,-36.8092144884041,174.756370504806
594,11.7666666666667,2198.93947406334,17.2389009439871,-36.8156814575195,174.751129150391,-36.8151242482025,174.751196996171
94,9.95,2658.51969784089,17.2360083500593,-36.8197135925293,174.750137329102,-36.8194815843594,174.75024382005
521,8.7,556.385080569853,17.2349941734603,-36.8035697937012,174.760726928711,-36.8035445058991,174.761264346114
533,8.85,3102.42085198259,17.2343176421589,-36.8235321044922,174.750335693359,-36.8239316206001,174.751122950908
109,10.6333333333333,3089.41990659238,17.2272856737688,-36.8235321044922,174.750335693359,-36.8230788544613,174.750661643199
399,7.38333333333333,3089.41990659238,17.2272856737688,-36.8235321044922,174.750335693359,-36.8234597664084,174.75024180973
711,8.35,1367.55544587831,17.2230863749426,-36.8095664978027,174.755950927734,-36.809478211537,174.754948513265
665,7.71666666666667,1393.29433749008,17.2225758568139,-36.8095664978027,174.755950927734,-36.8100586951721,174.755895741876
526,7.53333333333333,2212.05571457339,17.2156657832389,-36.8156814575195,174.751129150391,-36.8162281002462,174.751900831837
542,10.5666666666667,3104.26415052795,17.2116118604953,-36.8235321044922,174.750335693359,-36.8233121656536,174.750668520447
168,13.1166666666667,4075.95459504972,17.1982100861337,-36.8313865661621,174.745239257812,-36.830402900917,174.745639687573
555,7.21666666666667,1133.51560762918,17.181210676149,-36.8080558776855,174.757568359375,-36.8080175691664,174.757261063877
436,8.53333333333333,1045.47878481725,17.1667115328625,-36.8074378967285,174.758148193359,-36.8069252649914,174.758513153396
450,8.8,1530.24151966267,17.1545967046811,-36.810905456543,174.754898071289,-36.8113100778111,174.754361658196
655,6.56666666666667,1381.91066625645,17.1477137018775,-36.8095664978027,174.755950927734,-36.8099861648059,174.756331092039
761,9.21666666666667,1879.064554678,17.1277702516808,-36.8137283325195,174.753509521484,-36.8135945794476,174.754048622454
487,7.28333333333333,3916.36634803133,17.1197016411865,-36.8300476074219,174.746124267578,-36.8308175071307,174.746863978216
747,8.5,183.782322830019,17.1135466970848,-36.8003997802734,174.76203918457,-36.8001216447394,174.762760276822
320,17.8666666666667,107.136882865001,17.0925972898712,-36.799732208252,174.762222290039,-36.7992459733637,174.762022877849
670,8.06666666666667,1889.70975924531,17.0809607485667,-36.8135833740234,174.753845214844,-36.8143627955193,174.753326852341
622,7.91666666666667,3761.23644182241,17.0714949675468,-36.8288993835449,174.746917724609,-36.8283668031349,174.747499519735
437,8.55,1881.76537417045,17.0682785538897,-36.813720703125,174.753524780273,-36.8138732635292,174.754033025354
662,7.51666666666667,2857.71983166799,17.064280122836,-36.8211669921875,174.750152587891,-36.8212222802312,174.750596269236
581,9.26666666666667,2198.93947406334,17.0396072914554,-36.8156814575195,174.751129150391,-36.8152205538032,174.752164868442
486,7.28333333333333,3098.93915255126,17.0297332391682,-36.8235321044922,174.750335693359,-36.8225230742059,174.750433096889
616,8.01666666666667,3084.04677060977,17.0172784765497,-36.8235054016113,174.750305175781,-36.8232846771325,174.750633193171
459,8.95,2698.20787496274,17.0092187665059,-36.8200721740723,174.750106811523,-36.8201103528864,174.750141145873
108,10.6166666666667,2664.18943742973,17.0092187665059,-36.8197822570801,174.750106811523,-36.8195621331549,174.750643941641
118,10.9333333333333,2664.18943742973,17.0092187665059,-36.8197822570801,174.750106811523,-36.8192256095382,174.749643577963
106,10.6,1048.31365461166,17.0092187665059,-36.8074531555176,174.75813293457,-36.8074496133571,174.758535099759
264,16.6666666666667,3891.68805841257,17.0092187665059,-36.8299255371094,174.746200561523,-36.8299152811367,174.746775068834
506,7.1,1065.18411069062,16.9869310533166,-36.8075675964355,174.758026123047,-36.8077383083858,174.758214565114
601,13.7833333333333,4333.37449267724,16.9868530893147,-36.8334503173828,174.743896484375,-36.8343361857155,174.745059305447
749,8.55,3963.46955038147,16.9798471135138,-36.8304862976074,174.745834350586,-36.8300608026578,174.745174080407
593,11.7333333333333,817.834462019053,16.9764508522729,-36.8056983947754,174.759536743164,-36.8058290812124,174.759893622012
502,8.65,1358.73769718709,16.9417653410663,-36.8095664978027,174.755950927734,-36.809695670309,174.755718614051
173,13.2833333333333,1853.41667622628,16.9304723833276,-36.813606262207,174.753814697266,-36.8133576687487,174.753540549462
338,18.45,3761.28404786936,16.9258402431407,-36.8288993835449,174.746917724609,-36.8283130045512,174.746546457127
201,14.4666666666667,2278.64714538893,16.9206290854304,-36.8163642883301,174.750961303711,-36.815712948818,174.751269471085
645,8.1,2747.03583500373,16.9097438368626,-36.8205299377441,174.750137329102,-36.8204213290625,174.750260001304
129,11.4166666666667,107.136882865001,16.9079734167053,-36.799732208252,174.762222290039,-36.8001727214122,174.763577789411
590,11.0833333333333,2023.16247253043,16.898003906762,-36.8143157958984,174.752090454102,-36.8135725559106,174.75250883887
166,13.0833333333333,1354.47959240877,16.8958239747292,-36.8095664978027,174.755950927734,-36.8094176072534,174.755338719918
259,16.6,1354.47959240877,16.8958239747292,-36.8095664978027,174.755950927734,-36.80969142406,174.755344582237
514,8,2201.04356712239,16.8944851700333,-36.8156814575195,174.751129150391,-36.814679039352,174.750758174825
589,10.8166666666667,3759.40877338611,16.8813446850333,-36.8288993835449,174.746917724609,-36.8275249858548,174.7468468594
600,13.7833333333333,3759.40877338611,16.8813446850333,-36.8288993835449,174.746917724609,-36.8287744185931,174.747272168192
34,18.1,3774.36869041048,16.8700018192855,-36.8288993835449,174.746917724609,-36.8290801322201,174.747181795024
294,17.4666666666667,217.696804847292,16.8517260001493,-36.8007164001465,174.761978149414,-36.8010188320755,174.761550920504
139,11.6833333333333,3761.28404786936,16.8424617197755,-36.8288993835449,174.746917724609,-36.8285272056822,174.746745509025
150,12.3,3761.28404786936,16.8424617197755,-36.8288993835449,174.746917724609,-36.8289360009842,174.747096715631
244,15.7833333333333,3761.28404786936,16.8424617197755,-36.8288993835449,174.746917724609,-36.8290252654913,174.748226794648
354,20.75,3761.28404786936,16.8424617197755,-36.8288993835449,174.746917724609,-36.8284271108122,174.748001141065
440,8.53333333333333,1816.56336889885,16.8391265788409,-36.8133697509766,174.754119873047,-36.8134083116131,174.753611238168
727,7.76666666666667,3083.01577551143,16.8370101742036,-36.8235321044922,174.750335693359,-36.8235041707566,174.74950436006
602,14.2666666666667,1585.51361157094,16.8326484984418,-36.811466217041,174.754806518555,-36.8126612284157,174.754725109614
80,9.63333333333333,2820.1072761227,16.8320394043549,-36.8211669921875,174.750152587891,-36.8201459537105,174.750693169732
82,9.71666666666667,2820.1072761227,16.8320394043549,-36.8211669921875,174.750152587891,-36.8208885020838,174.750977093418
247,15.9666666666667,2820.1072761227,16.8320394043549,-36.8211669921875,174.750152587891,-36.8212749805072,174.751135709658
63,9.31666666666667,815.854331469416,16.8320394043548,-36.8056983947754,174.759536743164,-36.8057139227681,174.759621790051
172,13.2666666666667,815.854331469416,16.8320394043548,-36.8056983947754,174.759536743164,-36.8051049087824,174.759712236181
219,15.2833333333333,1890.26998355371,16.8243359538265,-36.8138160705566,174.753479003906,-36.8139704696834,174.753547023732
130,11.4333333333333,580.56013853275,16.8067280669047,-36.8037910461426,174.760604858398,-36.8040375386349,174.760597333016
190,14.2833333333333,2199.27079114523,16.7793644588505,-36.8156814575195,174.751129150391,-36.8152794324789,174.751660364004
395,7.26666666666667,1830.73771787094,16.7515033306498,-36.8134765625,174.754013061523,-36.8141723768592,174.753634250681
35,18.5833333333333,120.268123933176,16.7480273901139,-36.799732208252,174.762222290039,-36.8000407296973,174.761337960445
636,7.86666666666667,3091.24760262391,16.7465080827454,-36.8235321044922,174.750335693359,-36.8228682893674,174.750301990436
596,11.7833333333333,3084.99905321902,16.740666812658,-36.8235321044922,174.750335693359,-36.8242058764198,174.749745243267
425,8.16666666666667,4393.4600120245,16.7348765283364,-36.8339080810547,174.743576049805,-36.8344078737599,174.742926864829
744,8.13333333333333,2201.57643808317,16.7028979761167,-36.8156814575195,174.751129150391,-36.8154989612228,174.752139111697
2,12.0166666666667,2834.88410633648,16.6882130065774,-36.8211669921875,174.750152587891,-36.8217296838982,174.74937764881
48,20.5,2834.88410633648,16.6882130065774,-36.8211669921875,174.750152587891,-36.8210729853269,174.749763198822
687,7.18333333333333,2835.82355934216,16.6848649257256,-36.8211669921875,174.750152587891,-36.8212761168685,174.750013408726
719,7.15,2816.24756236171,16.6730133218574,-36.8211669921875,174.750152587891,-36.8213874590875,174.749823620823
478,7.66666666666667,227.815898113153,16.6539323151541,-36.8007164001465,174.761978149414,-36.8013450306119,174.761065697368
648,8.3,2744.44482586743,16.6496327832191,-36.8205032348633,174.750137329102,-36.820493919684,174.749426132761
328,18.1833333333333,1354.47959240877,16.6248296418391,-36.8095664978027,174.755950927734,-36.8089908013525,174.756039066236
42,18.5,120.268123933176,16.6140431709928,-36.799732208252,174.762222290039,-36.79968500403,174.761572521881
548,6.85,2819.53990804688,16.5911965732593,-36.8211669921875,174.750152587891,-36.8207585073685,174.750048660302
560,7.33333333333333,2819.53990804688,16.5911965732593,-36.8211669921875,174.750152587891,-36.8203750881434,174.750852750037
587,10.8,2819.53990804688,16.5911965732593,-36.8211669921875,174.750152587891,-36.8211948973268,174.750089770004
595,11.7666666666667,2819.53990804688,16.5911965732593,-36.8211669921875,174.750152587891,-36.8215851931745,174.749437531289
304,17.45,3429.60428192249,16.5839882973432,-36.826244354248,174.748611450195,-36.8267356154801,174.748599352917
551,6.98333333333333,1585.51361157094,16.5790773646594,-36.811466217041,174.754806518555,-36.8113636798362,174.754888418249
74,9.5,3355.89766726763,16.5767810012558,-36.8256683349609,174.749008178711,-36.8242109015955,174.748788788178
497,8.13333333333333,3809.36753973229,16.558309746927,-36.829216003418,174.746673583984,-36.8294129363166,174.746671319506
432,8.46666666666667,107.136882865001,16.5556395993991,-36.799732208252,174.762222290039,-36.799874015316,174.761076974503
192,14.3,3248.17261507976,16.5519817028902,-36.8248329162598,174.749572753906,-36.8247254456837,174.749217107321
348,18.8833333333333,2820.1072761227,16.5204481122959,-36.8211669921875,174.750152587891,-36.8213772529982,174.750122385077
205,14.7666666666667,1354.47959240877,16.4677267833026,-36.8095664978027,174.755950927734,-36.8104600195476,174.756176305138
97,10.1666666666667,1513.23230089616,16.4422448076224,-36.8107795715332,174.755004882812,-36.8106151835721,174.755496487886
592,11.1,3084.99905321902,16.4297687147087,-36.8235321044922,174.750335693359,-36.8238386128488,174.750039584843
724,7.58333333333333,1834.45307298283,16.3996852346139,-36.8135681152344,174.753997802734,-36.813966772996,174.75366035855
485,8.86666666666667,3246.34113023484,16.3937146227298,-36.8247184753418,174.749649047852,-36.8246764501106,174.748588341161
12,14.5166666666667,2216.80214312989,16.3906179872559,-36.8156814575195,174.751129150391,-36.8159195000728,174.750614136024
6,12.5666666666667,3774.36869041048,16.3880017673059,-36.8288993835449,174.746917724609,-36.8298523719457,174.746785369003
248,15.9666666666667,3089.41990659238,16.3869302750484,-36.8235321044922,174.750335693359,-36.8238463656904,174.750114424602
413,7.7,3089.41990659238,16.3869302750484,-36.8235321044922,174.750335693359,-36.8243102507239,174.75049780618
427,8.36666666666667,3089.41990659238,16.3869302750484,-36.8235321044922,174.750335693359,-36.8226997362113,174.750923641255
626,8.43333333333333,3761.23644182241,16.3863125164684,-36.8288993835449,174.746917724609,-36.8279591477543,174.746822821479
266,16.6,521.02787284998,16.3792477010798,-36.8032836914062,174.760848999023,-36.8030212903856,174.759696855674
115,10.8166666666667,2647.18021866322,16.3792477010798,-36.8196105957031,174.750152587891,-36.81993775208,174.749932914937
249,15.9833333333333,3761.28404786936,16.3612485277819,-36.8288993835449,174.746917724609,-36.8298770630408,174.747447243962
332,18.2333333333333,3761.28404786936,16.3612485277819,-36.8288993835449,174.746917724609,-36.8290444551004,174.746999384255
407,7.55,3761.28404786936,16.3612485277819,-36.8288993835449,174.746917724609,-36.8285751945569,174.746059153148
196,14.3166666666667,2664.18943742973,16.3550180447173,-36.8197822570801,174.750106811523,-36.8190089246663,174.750981972311
68,9.45,3205.6495681635,16.3421905795841,-36.8244895935059,174.749801635742,-36.8250309760967,174.749844500968
631,7.15,3091.24760262391,16.3380566660931,-36.8235321044922,174.750335693359,-36.8235556928705,174.749333946514
628,7.11666666666667,1679.34373150968,16.3314545419016,-36.8121643066406,174.754638671875,-36.8121098610841,174.754691963464
540,9.73333333333333,1725.47448689259,16.3277723325241,-36.8124618530273,174.754592895508,-36.812930708528,174.754141711749
52,6.76666666666667,1890.45486655682,16.3173638286537,-36.8137397766113,174.753616333008,-36.8130526723812,174.753352611174
101,10.1833333333333,3321.87922973462,16.2742525235088,-36.8254089355469,174.749176025391,-36.825981614199,174.749361479485
536,7.68333333333333,816.985728653535,16.262065203574,-36.8056983947754,174.759536743164,-36.8054727453105,174.759927705303
11,14.5,1534.43965574983,16.2467258900016,-36.810848236084,174.754943847656,-36.8116098005919,174.754622330308
43,18.5333333333333,1860.78693232291,16.2467258900015,-36.8135604858398,174.753875732422,-36.8137876762091,174.753440797387
189,14.2666666666667,1354.47959240877,16.2459845910858,-36.8095664978027,174.755950927734,-36.8089728746451,174.755163370786
356,22.7166666666667,50.4394869766475,16.2271857197701,-36.7992324829102,174.762237548828,-36.7990135808295,174.761874531003
111,10.7833333333333,107.136882865001,16.211911636826,-36.799732208252,174.762222290039,-36.7993701033018,174.761940512473
567,7.68333333333333,1585.51361157094,16.2092170725736,-36.811466217041,174.754806518555,-36.81129973158,174.755389500007
706,8.41666666666667,1896.52745981983,16.2042309566717,-36.8137168884277,174.753509521484,-36.8139596104182,174.753725354031
428,8.38333333333333,2701.04274475716,16.1823817431341,-36.8201103210449,174.750106811523,-36.8197761695573,174.750520608249
707,8.41666666666667,2479.87977426001,16.1792629582795,-36.8180198669434,174.750549316406,-36.8186925422524,174.750880395087
203,14.4833333333333,3089.41990659238,16.1664196384358,-36.8235321044922,174.750335693359,-36.8233120935936,174.750970791866
141,11.6166666666667,1354.47959240877,16.1501673136521,-36.8095664978027,174.755950927734,-36.8095950756914,174.756633091729
598,12.7666666666667,3357.63276988231,16.0710401401517,-36.8257026672363,174.748977661133,-36.8260110450141,174.748597278366
125,11.2666666666667,183.67836731428,16.0642621683667,-36.8003997802734,174.76203918457,-36.800195857808,174.761393979403
365,5.51666666666667,3996.57824080603,16.0642621683667,-36.8307685852051,174.745651245117,-36.8307046593782,174.745770114397
123,11.1,1861.92128560953,16.0642621683666,-36.8136367797852,174.753707885742,-36.8139981665257,174.753804973706
572,7.86666666666667,3084.99905321902,16.0573742896924,-36.8235321044922,174.750335693359,-36.8230472318648,174.750297812926
16,15.0333333333333,1366.32136175764,16.0468071957029,-36.8095664978027,174.755950927734,-36.8103451427453,174.755413830758
638,8.33333333333333,1768.85092988297,16.0407165543539,-36.81298828125,174.754440307617,-36.8132352560729,174.754261092912
735,7.4,3089.87647132873,16.0375833816802,-36.8235321044922,174.750335693359,-36.8236667779186,174.74986826154
13,14.5333333333333,3101.89551444172,16.027504701081,-36.8235321044922,174.750335693359,-36.8240601008431,174.750691933993
605,14.75,2023.16247253043,16.014668507007,-36.8143157958984,174.752090454102,-36.8145647903812,174.752300421048
95,9.95,3089.41990659238,15.9967652684996,-36.8235321044922,174.750335693359,-36.8240161386238,174.749561008328
439,8.56666666666667,3089.41990659238,15.9967652684996,-36.8235321044922,174.750335693359,-36.8229962446957,174.749792967683
442,8.55,3089.41990659238,15.9967652684996,-36.8235321044922,174.750335693359,-36.823240832376,174.750214765004
664,7.7,19.8783373006227,15.9956080343351,-36.7986488342285,174.762069702148,-36.7985752214685,174.761996549917
543,5.98333333333333,2023.16247253043,15.9797274120829,-36.8143157958984,174.752090454102,-36.8147495225452,174.751418657476
603,14.2833333333333,2023.16247253043,15.9797274120829,-36.8143157958984,174.752090454102,-36.8147023480601,174.752007577684
610,15.25,2023.16247253043,15.9797274120829,-36.8143157958984,174.752090454102,-36.8147272872273,174.751063481345
553,7.08333333333333,1847.38547099752,15.9797274120827,-36.8136138916016,174.753875732422,-36.8132450534697,174.753184332264
515,8.01666666666667,2674.08915188333,15.9726930453713,-36.8198509216309,174.750122070312,-36.8203068841805,174.749691259701
322,17.9,1354.47959240877,15.9720712807434,-36.8095664978027,174.755950927734,-36.8097000226344,174.754754043332
461,8.96666666666667,3761.28404786936,15.9592669907957,-36.8288993835449,174.746917724609,-36.8275745510605,174.747741818478
114,10.8166666666667,1833.57258766536,15.9530908038797,-36.8134956359863,174.753967285156,-36.8139023323968,174.75425676498
561,7.33333333333333,3759.40877338611,15.9434922025315,-36.8288993835449,174.746917724609,-36.8296080176905,174.747265108825
573,7.88333333333333,3759.40877338611,15.9434922025315,-36.8288993835449,174.746917724609,-36.8293390354922,174.746264484153
274,16.75,1354.47959240877,15.9394565799332,-36.8095664978027,174.755950927734,-36.8103857472365,174.756010725808
752,8.53333333333333,3763.4549733593,15.9325337088745,-36.8288993835449,174.746917724609,-36.8286519665497,174.747355970212
254,16.2666666666667,107.136882865001,15.9188842301915,-36.799732208252,174.762222290039,-36.7997773743367,174.761775010442
312,17.8666666666667,107.136882865001,15.9188842301915,-36.799732208252,174.762222290039,-36.7997763843587,174.762670735447
341,18.6833333333333,2199.27079114523,15.9188842301915,-36.8156814575195,174.751129150391,-36.8166193264538,174.75060485086
417,7.8,107.136882865001,15.9188842301915,-36.799732208252,174.762222290039,-36.7997141647052,174.762340322682
550,6.96666666666667,451.931315970958,15.9088324368737,-36.8026847839355,174.76106262207,-36.8021762962531,174.760854781774
117,10.85,3761.28404786936,15.9067694020102,-36.8288993835449,174.746917724609,-36.8287165676129,174.746034427771
184,13.8,3761.28404786936,15.9067694020102,-36.8288993835449,174.746917724609,-36.8295910733807,174.746694623793
209,14.8166666666667,3761.28404786936,15.9067694020102,-36.8288993835449,174.746917724609,-36.8290856461168,174.74702350274
305,17.45,3761.28404786936,15.9067694020102,-36.8288993835449,174.746917724609,-36.8292886591866,174.746785890815
700,8.26666666666667,1367.55544587831,15.8796469775705,-36.8095664978027,174.755950927734,-36.8091619645983,174.756079043901
144,11.65,3333.21870891229,15.8542718132247,-36.8254890441895,174.749130249023,-36.8254439073368,174.749159887471
351,19.75,1850.58180643186,15.8494993051532,-36.8136291503906,174.753845214844,-36.8143131457964,174.753910853723
26,17.5666666666667,2216.80214312989,15.8482554668355,-36.8156814575195,174.751129150391,-36.8152045907987,174.751009089268
76,9.48333333333333,2820.1072761227,15.8419194393928,-36.8211669921875,174.750152587891,-36.8206596988454,174.749902878293
389,7.13333333333333,2820.1072761227,15.8419194393928,-36.8211669921875,174.750152587891,-36.8211779498655,174.751408483329
405,7.53333333333333,2820.1072761227,15.8419194393928,-36.8211669921875,174.750152587891,-36.8210435456296,174.75045607735
239,15.7333333333333,1731.51727506632,15.8280230188319,-36.8126487731934,174.754547119141,-36.8124073172523,174.755284844775
646,8.28333333333333,1847.95566470989,15.7816011028784,-36.8135833740234,174.753814697266,-36.8136873749509,174.752463815215
212,14.95,2664.18943742973,15.7492766356537,-36.8197822570801,174.750106811523,-36.8203547729566,174.749439872672
716,7.01666666666667,1519.57911647824,15.7131867829323,-36.8108673095703,174.754928588867,-36.8115754311159,174.755007694039
4,12.5333333333333,1366.32136175764,15.7065534179555,-36.8095664978027,174.755950927734,-36.8099667438854,174.75608636841
252,16.0666666666667,3089.41990659238,15.682258437204,-36.8235321044922,174.750335693359,-36.8234971731611,174.750858973978
419,7.83333333333333,3259.51209425744,15.6803735503726,-36.8249130249023,174.74951171875,-36.8252041963204,174.749563171028
349,18.9,3299.20027137928,15.6776890145825,-36.8252334594727,174.749298095703,-36.8251523005783,174.748639975871
198,14.3333333333333,3800.97222499121,15.6751623926623,-36.8292236328125,174.746673583984,-36.8287587184237,174.746739964633
433,8.5,1870.42589499278,15.6592807691641,-36.8136825561523,174.753646850586,-36.8142990358334,174.75364460219
193,14.2833333333333,1354.47959240877,15.6406609347181,-36.8095664978027,174.755950927734,-36.8104624469866,174.756084278017
61,7.01666666666667,3101.89551444172,15.6389110690409,-36.8235321044922,174.750335693359,-36.8233964157376,174.750753284846
699,7.76666666666667,3102.78139815377,15.6357735049005,-36.8235321044922,174.750335693359,-36.8245331103829,174.749754803573
709,8.43333333333333,3102.78139815377,15.6357735049005,-36.8235321044922,174.750335693359,-36.8231432570939,174.750267455733
180,13.4333333333333,3089.41990659238,15.6247474715577,-36.8235321044922,174.750335693359,-36.8233522822535,174.750082601057
424,8.15,3089.41990659238,15.6247474715577,-36.8235321044922,174.750335693359,-36.8234102998929,174.749863269685
523,8.73333333333333,3089.37917106298,15.6061550407879,-36.8235321044922,174.750335693359,-36.8239687630793,174.749925257874
458,8.95,2199.27079114523,15.5917838692972,-36.8156814575195,174.751129150391,-36.8155179759495,174.751577675041
100,10.1666666666667,1887.43511375929,15.5917838692971,-36.8137435913086,174.753463745117,-36.8148588826121,174.753925196989
663,7.51666666666667,3130.74831363337,15.5851353341758,-36.8235321044922,174.750335693359,-36.8234591573739,174.750397342901
647,8.28333333333333,2542.34611323654,15.5460548177609,-36.8187103271484,174.750381469727,-36.8182961839729,174.749308901143
591,11.1,2665.28662098738,15.5449048974681,-36.8197822570801,174.750106811523,-36.820337764225,174.750239972141
690,7.35,3775.11965886449,15.5372287139032,-36.8288993835449,174.746917724609,-36.8296208788585,174.746375030102
291,17.2833333333333,1354.47959240877,15.5283166350937,-36.8095664978027,174.755950927734,-36.8097762709671,174.755782842218
256,16.3,2199.27079114523,15.5209121244367,-36.8156814575195,174.751129150391,-36.8159264518848,174.751687933931
182,13.7833333333333,3089.41990659238,15.5084053459318,-36.8235321044922,174.750335693359,-36.823991967667,174.750119699169
19,15.0833333333333,3774.36869041048,15.502163833938,-36.8288993835449,174.746917724609,-36.8282444589582,174.746075543937
736,7.4,3763.4549733593,15.5019246897157,-36.8288993835449,174.746917724609,-36.8301443741958,174.747289834526
420,7.85,3761.28404786936,15.4768567154693,-36.8288993835449,174.746917724609,-36.8297878153877,174.747247890597
384,6.93333333333333,3389.91610480065,15.4736642945297,-36.8259506225586,174.748809814453,-36.8265194557617,174.748872787544
197,14.3166666666667,3089.41990659238,15.4685286608441,-36.8235321044922,174.750335693359,-36.823568546252,174.750415120705
661,7.5,1881.43616888272,15.4680167648365,-36.813533782959,174.753967285156,-36.8138697123621,174.753623532723
60,7,1366.32136175764,15.463286934041,-36.8095664978027,174.755950927734,-36.8092796424441,174.755632072878
225,15.4666666666667,1354.47959240877,15.4276598285677,-36.8095664978027,174.755950927734,-36.8077246167151,174.756425410288
757,8.26666666666667,2838.71435361694,15.3984379111419,-36.8213539123535,174.750213623047,-36.8217532908537,174.750589009123
121,11.0666666666667,183.67836731428,15.3340684334409,-36.8003997802734,174.76203918457,-36.8004541171498,174.761960420262
401,7.3,183.67836731428,15.3340684334409,-36.8003997802734,174.76203918457,-36.8004130573253,174.762010586524
549,6.85,3084.99905321902,15.3274936401609,-36.8235321044922,174.750335693359,-36.8244978171934,174.750254799093
64,9.33333333333333,1893.10485334812,15.3082968898553,-36.8137817382812,174.753402709961,-36.8139044914398,174.753184124166
153,12.4166666666667,3089.41990659238,15.2696395744769,-36.8235321044922,174.750335693359,-36.8231478711304,174.751474901819
379,6.76666666666667,3089.41990659238,15.2696395744769,-36.8235321044922,174.750335693359,-36.8232467969776,174.750440323235
89,9.91666666666667,3364.40227665089,15.2646835084028,-36.825740814209,174.748962402344,-36.825302437809,174.748595633828
143,11.6333333333333,3089.41990659238,15.2374251449947,-36.8235321044922,174.750335693359,-36.8232043065646,174.750327305006
618,8.43333333333333,1895.83502299617,15.2348594276416,-36.8138008117676,174.753372192383,-36.8133887396196,174.754194767064
701,8.26666666666667,1891.58379613813,15.2296736000649,-36.8137130737305,174.75358581543,-36.8139390267478,174.754147490397
380,6.78333333333333,4333.92774634173,15.2187746858211,-36.8334503173828,174.743896484375,-36.8341180761458,174.743149137395
163,12.8,3877.51370944048,15.2138012300415,-36.8298149108887,174.746276855469,-36.8289060342984,174.747165179322
283,16.9666666666667,2664.18943742973,15.1868024700946,-36.8197822570801,174.750106811523,-36.8195061942922,174.750436518971
271,16.65,3449.44837048342,15.1868024700945,-36.8264007568359,174.748504638672,-36.8257300644638,174.748992540379
213,14.9666666666667,3089.41990659238,15.1769248749921,-36.8235321044922,174.750335693359,-36.8231886929624,174.750679000369
170,13.0666666666667,1895.93972314254,15.1665534001344,-36.8137817382812,174.753387451172,-36.8140420194398,174.753672443329
224,15.4666666666667,1005.7906076954,15.1603906397118,-36.8071327209473,174.758422851562,-36.8067146231848,174.758460952044
199,14.45,1354.47959240877,15.1463043301744,-36.8095664978027,174.755950927734,-36.809413160479,174.755393658742
148,11.9333333333333,3579.85238102663,15.1193055702276,-36.8274536132812,174.747833251953,-36.8271827616582,174.747882370116
426,8.35,1867.59102519837,15.0763529975848,-36.813663482666,174.753662109375,-36.8130861220016,174.753903862124
218,15.2833333333333,3089.41990659238,14.9940703584259,-36.8235321044922,174.750335693359,-36.8231774839391,174.750569579517
72,9.48333333333333,2820.1072761227,14.961812803871,-36.8211669921875,174.750152587891,-36.8213927099149,174.750435178241
202,14.4666666666667,2820.1072761227,14.961812803871,-36.8211669921875,174.750152587891,-36.8207917654664,174.749341055498
342,18.7,2820.1072761227,14.961812803871,-36.8211669921875,174.750152587891,-36.8216403520121,174.750168683467
438,8.55,2701.04274475716,14.9375831475084,-36.8201065063477,174.750106811523,-36.821025516952,174.74966022456
452,8.83333333333333,3537.32933411036,14.9303142505997,-36.8271217346191,174.748046875,-36.8281381353009,174.746932916308
138,11.6666666666667,3089.41990659238,14.9303142505996,-36.8235321044922,174.750335693359,-36.8236214937592,174.750309035012
175,13.3166666666667,3089.41990659238,14.9303142505996,-36.8235321044922,174.750335693359,-36.8235955786524,174.74999162751
429,8.4,3089.41990659238,14.9303142505996,-36.8235321044922,174.750335693359,-36.8239793114306,174.750016430743
635,7.86666666666667,2822.72600750402,14.917866395549,-36.8211669921875,174.750152587891,-36.8210761270419,174.750369311343
373,6.73333333333333,1354.47959240877,14.9033154906528,-36.8095664978027,174.755950927734,-36.8093130087934,174.756071331972
230,15.45,1901.60946273138,14.8830664206926,-36.8138046264648,174.753326416016,-36.8138275328596,174.753207533314
49,21.4666666666667,1979.45866925857,14.8339671169579,-36.8135986328125,174.752395629883,-36.8132739197458,174.752086546667
27,17.5833333333333,2834.88410633648,14.8339671169577,-36.8211669921875,174.750152587891,-36.8217393282208,174.749623256996
698,7.76666666666667,2835.82355934216,14.8309910450894,-36.8211669921875,174.750152587891,-36.821259820293,174.749635105876
516,8.01666666666667,3089.37917106298,14.8275158014043,-36.8235321044922,174.750335693359,-36.8231629258678,174.750581413085
388,7.11666666666667,1740.02188444957,14.8144808611503,-36.8127250671387,174.754516601562,-36.8131453031452,174.754963725995
347,18.8833333333333,2199.27079114523,14.7818210708921,-36.8156814575195,174.751129150391,-36.8160959658568,174.751454308764
669,8.05,218.444506002706,14.7485741246118,-36.8003997802734,174.76203918457,-36.7999071984622,174.761615260305
599,13.75,1786.40161332284,14.7334950264465,-36.8132820129395,174.754440307617,-36.8127693406753,174.754598255986
86,9.86666666666667,50.4394869766475,14.7058870585416,-36.7992324829102,174.762237548828,-36.7996825224404,174.761387691332
290,17.15,3937.04597512325,14.6993248599434,-36.8302955627441,174.745956420898,-36.8300455564915,174.746225605267
503,8.66666666666667,2889.07411379782,14.6908312040406,-36.8217124938965,174.750274658203,-36.8223470109006,174.750188186093
178,13.4,1714.50805629981,14.6897798438005,-36.8125,174.75456237793,-36.8125220380957,174.754794834733
228,15.5166666666667,3761.28404786936,14.6831717557017,-36.8288993835449,174.746917724609,-36.8289906652063,174.74680631727
311,17.7833333333333,3761.28404786936,14.6831717557017,-36.8288993835449,174.746917724609,-36.829124267975,174.747442242492
151,12.3666666666667,183.67836731428,14.6673698059,-36.8003997802734,174.76203918457,-36.8011390974607,174.762121551586
272,16.7333333333333,183.67836731428,14.6673698059,-36.8003997802734,174.76203918457,-36.8008496265003,174.761377653777
751,8.51666666666667,3089.87647132873,14.643010913708,-36.8235321044922,174.750335693359,-36.8236239069621,174.75033119649
25,17.5666666666667,1850.8976209116,14.6361808887318,-36.8135299682617,174.754013061523,-36.8137505239528,174.753403208641
639,8.35,3091.24760262391,14.5621809415178,-36.8235321044922,174.750335693359,-36.822811111324,174.750641402721
195,14.3,2199.27079114523,14.5287076963905,-36.8156814575195,174.751129150391,-36.8152733258666,174.751325034872
375,6.75,2947.67641687149,14.5287076963905,-36.8223037719727,174.750381469727,-36.8228680496631,174.750342036893
377,6.73333333333333,1354.47959240877,14.5287076963905,-36.8095664978027,174.755950927734,-36.8096789619396,174.756458386505
398,7.36666666666667,1836.40745745977,14.5145333474183,-36.8135032653809,174.753952026367,-36.8131445539155,174.753175585472
606,14.7666666666667,2471.57319072663,14.498613221677,-36.8180885314941,174.750534057617,-36.8178395928789,174.750287884755
386,6.96666666666667,3370.07201623972,14.4893345048014,-36.8257789611816,174.748931884766,-36.8249546967541,174.748767551305
531,8.2,3137.33713188099,14.4823206396773,-36.8238410949707,174.75016784668,-36.8237654390306,174.750898216924
717,7.05,3511.59421630934,14.4059980100138,-36.8269500732422,174.748153686523,-36.8271897924009,174.748265342635
267,16.6,1354.47959240877,14.3924158793512,-36.8095664978027,174.755950927734,-36.8093876085379,174.756169066965
756,8.25,1846.9113397651,14.3739567224904,-36.8136787414551,174.753936767578,-36.8144161958045,174.754527165222
32,18.0666666666667,2681.59977946124,14.3630475259434,-36.8197822570801,174.750106811523,-36.8188466584101,174.750696151386
527,7.55,3503.95807081419,14.2421668006632,-36.8267478942871,174.748291015625,-36.826669202488,174.748357301912
99,10.1833333333333,3163.12652124723,14.2418458719554,-36.824146270752,174.75,-36.8233906005904,174.749671322614
492,7.33333333333333,3554.89246362162,14.1762371166672,-36.8272132873535,174.747985839844,-36.8270239888699,174.74771495472
44,18.5333333333333,2088.24109478293,14.1552888828488,-36.8146514892578,174.751754760742,-36.81378211753,174.752281941903
511,7.98333333333333,182.349036805395,14.0951082668591,-36.8003997802734,174.76203918457,-36.8004750274919,174.762375022336
378,6.73333333333333,1819.39823869327,14.0693537945172,-36.813404083252,174.754104614258,-36.8140091318595,174.753881788742
396,7.33333333333333,183.67836731428,14.0562293973208,-36.8003997802734,174.76203918457,-36.8002234218722,174.762382819433
133,11.4833333333333,3438.10889130575,14.0510937636354,-36.8263092041016,174.748504638672,-36.8267311414463,174.748625018474
608,14.7833333333333,3084.99905321902,14.0502025034809,-36.8235321044922,174.750335693359,-36.8236506152791,174.750266211795
276,16.7833333333333,2664.18943742973,14.039355172354,-36.8197822570801,174.750106811523,-36.8205925479152,174.748803571043
640,8.36666666666667,3761.10792593372,14.0141089506575,-36.8288993835449,174.746917724609,-36.828862347184,174.747476350065
194,14.3,1808.0587595156,13.971858272487,-36.8133277893066,174.754180908203,-36.8132715227397,174.754704592714
481,7.7,1847.41081576189,13.9316549174847,-36.8135299682617,174.753952026367,-36.8133260352495,174.7533626252
517,8.05,4112.47776135988,13.9232167026292,-36.8316764831543,174.745040893555,-36.8312367281349,174.744624625325
270,16.65,3089.41990659238,13.8472486111939,-36.8235321044922,174.750335693359,-36.8232674827299,174.74938761705
171,13.0833333333333,3554.33855287687,13.7963663328326,-36.8272514343262,174.747955322266,-36.8263990575824,174.748730969421
246,15.95,2199.27079114523,13.7963663328326,-36.8156814575195,174.751129150391,-36.8154400517032,174.750318341096
18,15.0833333333333,3101.89551444172,13.7239423667094,-36.8235321044922,174.750335693359,-36.8231761340815,174.750343439311
298,17.5166666666667,2664.18943742973,13.7171119084725,-36.8197822570801,174.750106811523,-36.8210152189476,174.750113897024
402,7.33333333333333,1870.42589499278,13.7018706730186,-36.8136825561523,174.753631591797,-36.8141551060731,174.753317405739
282,16.9666666666667,2199.27079114523,13.674077831897,-36.8156814575195,174.751129150391,-36.8164957366758,174.750417712748
292,17.3166666666667,2394.87680696005,13.6184921496535,-36.8174095153809,174.750686645508,-36.8174257565935,174.750618262747
576,8.23333333333333,3084.99905321902,13.5939249305795,-36.8235321044922,174.750335693359,-36.8225594141388,174.750547687854
112,10.7833333333333,625.918055243432,13.5668768732846,-36.8041534423828,174.76042175293,-36.8041092782441,174.759373879459
712,8.36666666666667,1901.47112350153,13.5413396498642,-36.8137359619141,174.753463745117,-36.8149959194807,174.753816741431
251,16.05,2820.1072761227,13.4656315234839,-36.8211669921875,174.750152587891,-36.8209791217206,174.750946388961
337,18.4333333333333,3491.97141739968,13.4656315234839,-36.8267593383789,174.748275756836,-36.8272423039799,174.74905448417
116,10.8333333333333,3089.41990659238,13.4372828255397,-36.8235321044922,174.750335693359,-36.8245364735435,174.750446560323
238,15.65,3089.41990659238,13.4372828255397,-36.8235321044922,174.750335693359,-36.8231574851014,174.750632941972
255,16.2833333333333,1850.58180643186,13.4111147966681,-36.8135948181152,174.753829956055,-36.8137017600721,174.7542502595
556,7.21666666666667,1786.40161332284,13.307672927113,-36.8132820129395,174.754440307617,-36.8130491810746,174.754006674741
586,10.7833333333333,1786.40161332284,13.307672927113,-36.8132820129395,174.754440307617,-36.8140318783647,174.754384804318
318,17.9166666666667,3089.41990659238,13.2945617945104,-36.8235321044922,174.750335693359,-36.8232232104182,174.750073896567
303,17.4333333333333,2820.1072761227,13.2499349086912,-36.8211669921875,174.750152587891,-36.8219054759071,174.750402958304
231,15.45,2199.27079114523,13.2092869144142,-36.8156814575195,174.751129150391,-36.8150880646046,174.751610870439
315,17.9,1856.2515460207,13.1930478894052,-36.8136138916016,174.753753662109,-36.8132432020948,174.753345164837
40,18.6333333333333,3101.89551444172,13.1857485484071,-36.8235321044922,174.750335693359,-36.8240157034601,174.750232361118
222,15.3,3089.41990659238,13.1738066917055,-36.8235321044922,174.750335693359,-36.8240371188621,174.749632154575
278,16.8,3089.41990659238,13.1738066917055,-36.8235321044922,174.750335693359,-36.8239295749841,174.751012978163
263,16.65,3089.41990659238,13.1519369150852,-36.8235321044922,174.750335693359,-36.8232566421133,174.750691624479
183,13.7833333333333,3616.70568835406,13.1434872286637,-36.8277397155762,174.747634887695,-36.8279001502425,174.747589267142
537,7.7,1835.522016608,13.103289418769,-36.8135032653809,174.753982543945,-36.8133123161383,174.753327980255
286,17.1,1938.46277005881,13.0404010543211,-36.8139419555664,174.7529296875,-36.8138541835564,174.752845520246
501,8.53333333333333,1853.74400962154,13.0400723932914,-36.8135757446289,174.753860473633,-36.8137970707248,174.754388594773
41,18.65,3774.36869041048,13.0359104967206,-36.8288993835449,174.746917724609,-36.8280578618653,174.746738003449
142,11.6166666666667,1887.43511375929,12.9931532244142,-36.8137435913086,174.753448486328,-36.8143541668496,174.753318635773
14,14.5333333333333,3566.69315077307,12.9797212273381,-36.8272132873535,174.747985839844,-36.8272756956717,174.747762953797
241,15.75,2199.27079114523,12.9340934370306,-36.8156814575195,174.751129150391,-36.816644443434,174.750635412509
23,17.6,3101.89551444172,12.9321764609377,-36.8235321044922,174.750335693359,-36.8238246005577,174.750464791067
46,18.5666666666667,3101.89551444172,12.9321764609377,-36.8235321044922,174.750335693359,-36.8235120910633,174.750844731648
31,18.0666666666667,2216.80214312989,12.9110454536486,-36.8156814575195,174.751129150391,-36.8159426045405,174.751014944428
301,17.4166666666667,1895.93972314254,12.8041619047864,-36.813777923584,174.753372192383,-36.8136247057853,174.752639043339
335,18.4,1878.93050437604,12.7186050236036,-36.8137550354004,174.75358581543,-36.8129759361172,174.753057938922
236,15.6333333333333,2372.19784860471,12.695286470653,-36.8172073364258,174.750747680664,-36.8171894518171,174.750753477906
343,18.7,3089.41990659238,12.6766819108865,-36.8235321044922,174.750335693359,-36.8235357277463,174.749498773515
289,17.1333333333333,3089.41990659238,12.6511353512071,-36.8235321044922,174.750335693359,-36.8240354788226,174.749383999517
702,8.3,3295.58428173993,12.6193520295937,-36.8250732421875,174.749404907227,-36.8244480265744,174.750121879762
275,16.7666666666667,2199.27079114523,12.5653688184999,-36.8156814575195,174.751129150391,-36.8157372189567,174.751367026999
33,18.0833333333333,3284.84777555087,12.5518183297335,-36.825008392334,174.749450683594,-36.8247632390819,174.749317547264
613,15.2833333333333,3084.99905321902,12.489068891983,-36.8235321044922,174.750335693359,-36.8231489525998,174.751068460627
331,18.2166666666667,3089.41990659238,12.4419285421664,-36.8235321044922,174.750335693359,-36.8242632145345,174.750004648489
374,6.73333333333333,1876.09563458162,12.4298137139851,-36.8137016296387,174.753570556641,-36.8136215503053,174.753624830449
258,16.3166666666667,3165.96139104165,12.4025553505772,-36.8241577148438,174.75,-36.8249312695279,174.750185825459
207,14.8,3089.41990659238,12.3316836057167,-36.8235321044922,174.750335693359,-36.823067111151,174.749722098538
410,7.6,1805.22388972118,12.3139656695016,-36.813304901123,174.754211425781,-36.8136001504868,174.753241981856
17,15.05,2216.80214312989,12.292963490442,-36.8156814575195,174.751129150391,-36.8152943126241,174.750215519533
262,16.6333333333333,2820.1072761227,12.2414832031672,-36.8211669921875,174.750152587891,-36.8212185378363,174.750232269965
324,17.9166666666667,2820.1072761227,12.2414832031672,-36.8211669921875,174.750152587891,-36.8214860684472,174.750626196398
293,17.3333333333333,3089.41990659238,12.2157116595815,-36.8235321044922,174.750335693359,-36.8243807873127,174.749892123035
39,18.6333333333333,2834.88410633648,12.1368821866017,-36.8211669921875,174.750152587891,-36.8212252670901,174.750298785246
240,15.75,1921.4535512923,12.0790104283882,-36.8138732910156,174.753128051758,-36.8137456393503,174.752706885663
227,15.5,3089.41990659238,11.9975739513747,-36.8235321044922,174.750335693359,-36.8235502179341,174.750314838521
243,15.7666666666667,3089.41990659238,11.9975739513747,-36.8235321044922,174.750335693359,-36.8234722082182,174.749808151088
409,7.58333333333333,2664.18943742973,11.9936798994593,-36.8197822570801,174.750106811523,-36.8187976862762,174.749574779687
250,16.0333333333333,2199.27079114523,11.9391631726436,-36.8156814575195,174.751129150391,-36.8156503948836,174.750682722461
477,7.66666666666667,61.2765749616119,11.8956659393958,-36.7992324829102,174.762237548828,-36.7992920337054,174.76168284499
233,15.4666666666667,3089.41990659238,11.7870901978418,-36.8235321044922,174.750335693359,-36.8230626472577,174.75015610921
491,9.26666666666667,1938.34676651588,11.7350089589017,-36.8139038085938,174.753051757812,-36.8137962064036,174.752772333831
206,14.7833333333333,2820.1072761227,11.7092448030295,-36.8211669921875,174.750152587891,-36.820825910657,174.751101041528
221,15.3,2820.1072761227,11.7092448030295,-36.8211669921875,174.750152587891,-36.8211624052467,174.749983346826
232,15.4666666666667,2820.1072761227,11.7092448030295,-36.8211669921875,174.750152587891,-36.8199129530069,174.749111162066
38,18.6166666666667,2216.80214312989,11.6619238340865,-36.8156814575195,174.751129150391,-36.8163052207328,174.750591518609
208,14.8,3336.05357870671,11.4927153827743,-36.825511932373,174.749114990234,-36.8256947266446,174.749404250044
611,15.25,2198.93947406334,11.4926006293247,-36.8156814575195,174.751129150391,-36.8156362127018,174.751433587347
325,17.9333333333333,3089.41990659238,11.3875278182539,-36.8235321044922,174.750335693359,-36.8229560581881,174.750035659562
287,17.1166666666667,2199.27079114523,11.2879360904994,-36.8156814575195,174.751129150391,-36.8149172263814,174.751733881031
316,17.9,2199.27079114523,11.2879360904994,-36.8156814575195,174.751129150391,-36.8159436024132,174.75079953155
215,15.25,2199.27079114523,11.2703360119531,-36.8156814575195,174.751129150391,-36.8155403983146,174.751277496088
28,17.5833333333333,3101.89551444172,11.207886266146,-36.8235321044922,174.750335693359,-36.8240280737264,174.750545397897
310,17.7666666666667,3089.41990659238,11.1977356879497,-36.8235321044922,174.750335693359,-36.8233758987631,174.74997223957
220,15.2833333333333,2664.18943742973,11.1369884780693,-36.8197822570801,174.750106811523,-36.820356419638,174.750276076381
216,15.2666666666667,2661.35456763531,11.0559921982289,-36.8197402954102,174.750137329102,-36.8198316910593,174.750979885546
336,18.4166666666667,2820.1072761227,11.0141662504423,-36.8211669921875,174.750152587891,-36.8219536286844,174.750757442913
299,17.5333333333333,3089.41990659238,10.8365184076933,-36.8235321044922,174.750335693359,-36.8237170047971,174.750079820057
430,8.38333333333333,2080.20625977969,10.8240483059582,-36.814697265625,174.751693725586,-36.8137806558686,174.751008415307
317,17.9166666666667,2820.1072761227,10.7725052187871,-36.8211669921875,174.750152587891,-36.8213415909992,174.750243774241
330,18.2166666666667,2820.1072761227,10.7725052187871,-36.8211669921875,174.750152587891,-36.8211849315221,174.74919142204
284,16.9833333333333,3089.41990659238,10.6645101789997,-36.8235321044922,174.750335693359,-36.8242643186229,174.751219102745
257,16.3,2820.1072761227,10.3581780949876,-36.8211669921875,174.750152587891,-36.8206398933734,174.750172982996
547,6.83333333333333,2023.16247253043,10.339823619583,-36.8143157958984,174.752090454102,-36.8141021324962,174.752374778461
554,7.08333333333333,2023.16247253043,10.339823619583,-36.8143157958984,174.752090454102,-36.8144698168681,174.751732373318
297,17.5166666666667,2199.27079114523,10.1069270931412,-36.8156814575195,174.751129150391,-36.8152751181635,174.75138875219
277,16.7833333333333,2959.01589604916,10.0310777340934,-36.822395324707,174.750396728516,-36.8224101251702,174.750398864752
269,16.6333333333333,2820.1072761227,9.97454186924733,-36.8211669921875,174.750152587891,-36.8213266801142,174.749578334427
309,17.75,2820.1072761227,9.97454186924733,-36.8211669921875,174.750152587891,-36.8212125063945,174.750228631995
260,16.6166666666667,2199.27079114523,9.89188609115952,-36.8156814575195,174.751129150391,-36.8153269324974,174.751466139777
21,17.5666666666667,2216.80214312989,9.81082481280291,-36.8156814575195,174.751129150391,-36.8150866388635,174.751761082219
261,16.6333333333333,2664.18943742973,9.74486491831067,-36.8197822570801,174.750106811523,-36.8197219117817,174.749659388893
323,17.9166666666667,2664.18943742973,9.74486491831067,-36.8197822570801,174.750106811523,-36.8196457129517,174.750469587708
329,18.2,2335.34454127728,9.69525469690838,-36.8168830871582,174.750823974609,-36.8171489338779,174.750761612653
237,15.6333333333333,2664.18943742973,9.66432884460565,-36.8197822570801,174.750106811523,-36.8195073644361,174.750405730249
242,15.7666666666667,2820.1072761227,9.28664242998889,-36.8211669921875,174.750152587891,-36.8224701210804,174.749486374263
288,17.1333333333333,2820.1072761227,9.28664242998889,-36.8211669921875,174.750152587891,-36.8213289426363,174.750788098058
22,17.5833333333333,2834.88410633648,9.20728993466338,-36.8211669921875,174.750152587891,-36.8215262779552,174.750277686846
612,15.2666666666667,2819.53990804688,9.15376362662579,-36.8211669921875,174.750152587891,-36.8213434882864,174.750885481387
45,18.55,2834.88410633648,8.9003802701746,-36.8211669921875,174.750152587891,-36.8215637892121,174.750078268094
226,15.5,2820.1072761227,8.68750420869929,-36.8211669921875,174.750152587891,-36.8211759049818,174.750597135892
268,16.6333333333333,2664.18943742973,8.66210214960948,-36.8197822570801,174.750106811523,-36.8208694385434,174.750763374425
302,17.4333333333333,2664.18943742973,8.66210214960948,-36.8197822570801,174.750106811523,-36.8195180537685,174.750042902909
308,17.7333333333333,2247.46357765033,8.29918403583142,-36.816104888916,174.751022338867,-36.815943789371,174.75102824058
217,15.2666666666667,2882.47441159989,8.27781979969957,-36.8217239379883,174.750274658203,-36.821119103331,174.750876922763
607,14.7666666666667,2819.53990804688,7.58454700491852,-36.8211669921875,174.750152587891,-36.8214473339482,174.750626441473
179,13.4166666666667,2820.1072761227,7.08717448604416,-36.8211669921875,174.750152587891,-36.8210646170021,174.749672201312
295,17.4833333333333,521.02787284998,5.32261267523315,-36.8032836914062,174.760848999023,-36.8028327692295,174.760244553026
